Phil Jones	2014/2015	7.93
Phil Jones	2013/2014	7.41
Phil Jones	2013/2014	7.26
Phil Jones	2014	6.96
Phil Jones	2012/2013	7.28
Phil Jones	2012/2013	6.82
Phil Jones	2011/2012	7.20
Phil Jones	2011/2012	7.19
Phil Jones	2010/2011	6.98
Ángel Di María	2014/2015	7.40
Ángel Di María	2013/2014	7.46
Ángel Di María	2013/2014	7.61
Ángel Di María	2014	7.89
Ángel Di María	2012/2013	6.92
Ángel Di María	2012/2013	7.12
Ángel Di María	2011/2012	7.40
Ángel Di María	2011/2012	7.26
Ángel Di María	2010/2011	7.49
Marouane Fellaini	2014/2015	7.37
Marouane Fellaini	2013/2014	6.68
Marouane Fellaini	2013/2014	7.75
Marouane Fellaini	2013/2014	7.21
Marouane Fellaini	2014	7.05
Marouane Fellaini	2012/2013	7.59
Marouane Fellaini	2011/2012	7.09
Marouane Fellaini	2010/2011	7.11
Marcos Rojo	2014/2015	7.36
Marcos Rojo	2014	7.55
Daley Blind	2014/2015	7.23
Daley Blind	2014/2015	6.84
Daley Blind	2013/2014	6.91
Daley Blind	2013/2014	6.25
Daley Blind	2013/2014	7.38
Daley Blind	2014	7.37
Daley Blind	2013	6.65
Daley Blind	2012/2013	7.23
Daley Blind	2012/2013	6.47
Ander Herrera	2014/2015	7.21
Ander Herrera	2013/2014	7.41
Ander Herrera	2012/2013	7.11
Ander Herrera	2012/2013	7.15
Ander Herrera	2011/2012	7.05
Ander Herrera	2010/2011	7.13
Wayne Rooney	2014/2015	7.21
Wayne Rooney	2013/2014	7.65
Wayne Rooney	2013/2014	7.62
Wayne Rooney	2014	7.07
Wayne Rooney	2012/2013	7.23
Wayne Rooney	2012/2013	7.28
Wayne Rooney	2012	6.70
Wayne Rooney	2011/2012	7.24
Wayne Rooney	2011/2012	7.73
Wayne Rooney	2010/2011	7.70
Wayne Rooney	2010/2011	7.38
Wayne Rooney	2009/2010	7.42
Chris Smalling	2014/2015	7.20
Chris Smalling	2013/2014	7.08
Chris Smalling	2013/2014	7.17
Chris Smalling	2014	7.47
Chris Smalling	2012/2013	6.39
Chris Smalling	2012/2013	6.85
Chris Smalling	2011/2012	6.58
Chris Smalling	2011/2012	6.84
Chris Smalling	2010/2011	6.89
Chris Smalling	2010/2011	7.01
Rafael	2014/2015	7.20
Rafael	2013/2014	7.60
Rafael	2013/2014	7.08
Rafael	2012/2013	6.98
Rafael	2012/2013	7.36
Rafael	2011/2012	7.39
Rafael	2010/2011	7.29
Rafael	2010/2011	7.24
Rafael	2009/2010	6.99
Antonio Valencia	2014/2015	7.16
Antonio Valencia	2013/2014	7.25
Antonio Valencia	2013/2014	6.94
Antonio Valencia	2014	6.08
Antonio Valencia	2012/2013	6.80
Antonio Valencia	2012/2013	7.00
Antonio Valencia	2011/2012	6.93
Antonio Valencia	2011/2012	7.52
Antonio Valencia	2010/2011	7.02
Antonio Valencia	2010/2011	7.27
Antonio Valencia	2009/2010	7.49
David de Gea	2014/2015	6.99
David de Gea	2013/2014	6.65
David de Gea	2013/2014	6.64
David de Gea	2013	5.93
David de Gea	2012/2013	6.85
David de Gea	2012/2013	6.88
David de Gea	2011/2012	6.06
David de Gea	2011/2012	7.00
David de Gea	2010/2011	6.93
David de Gea	2009/2010	6.76
Jonny Evans	2014/2015	6.92
Jonny Evans	2013/2014	8.19
Jonny Evans	2013/2014	6.96
Jonny Evans	2012/2013	7.18
Jonny Evans	2012/2013	7.25
Jonny Evans	2011/2012	6.86
Jonny Evans	2011/2012	7.18
Jonny Evans	2010/2011	7.08
Jonny Evans	2010/2011	6.91
Jonny Evans	2009/2010	7.19
Juan Mata	2014/2015	6.90
Juan Mata	2013/2014	6.84
Juan Mata	2013/2014	6.89
Juan Mata	2013/2014	7.31
Juan Mata	2014	7.12
Juan Mata	2013	6.37
Juan Mata	2012/2013	7.25
Juan Mata	2012/2013	7.38
Juan Mata	2012/2013	7.29
Juan Mata	2012	6.85
Juan Mata	2011/2012	7.07
Juan Mata	2011/2012	7.30
Juan Mata	2010/2011	7.19
Juan Mata	2010/2011	7.14
Michael Carrick	2014/2015	6.90
Michael Carrick	2013/2014	6.91
Michael Carrick	2013/2014	7.06
Michael Carrick	2012/2013	7.45
Michael Carrick	2012/2013	7.10
Michael Carrick	2011/2012	7.15
Michael Carrick	2011/2012	7.33
Michael Carrick	2010/2011	7.19
Michael Carrick	2010/2011	6.84
Michael Carrick	2009/2010	7.04
Luke Shaw	2014/2015	6.83
Luke Shaw	2013/2014	7.17
Luke Shaw	2014	7.07
Tyler Blackett	2014/2015	6.72
Tyler Blackett	2013/2014	7.04
Michael Keane	2014/2015	7.40
Michael Keane	2014/2015	6.69
Michael Keane	2013/2014	7.42
Tom Cleverley	2014/2015	6.91
Tom Cleverley	2014/2015	6.59
Tom Cleverley	2013/2014	6.32
Tom Cleverley	2013/2014	6.76
Tom Cleverley	2012/2013	7.00
Tom Cleverley	2012/2013	6.80
Tom Cleverley	2011/2012	6.60
Falcao	2014/2015	6.50
Falcao	2014/2015	6.62
Falcao	2013/2014	6.93
Falcao	2012/2013	7.25
Falcao	2012/2013	7.05
Falcao	2011/2012	7.20
Anderson	2014/2015	6.49
Anderson	2013/2014	6.33
Anderson	2013/2014	6.01
Anderson	2013/2014	6.50
Anderson	2012/2013	6.53
Anderson	2012/2013	6.68
Anderson	2011/2012	7.29
Anderson	2011/2012	7.22
Anderson	2010/2011	7.29
Anderson	2010/2011	6.96
Anderson	2009/2010	7.17
Nani	2014/2015	8.26
Nani	2014/2015	6.37
Nani	2013/2014	9.21
Nani	2013/2014	6.60
Nani	2014	7.22
Nani	2012/2013	6.45
Nani	2012/2013	6.72
Nani	2012	7.13
Nani	2011/2012	7.29
Nani	2011/2012	7.42
Nani	2010/2011	6.93
Nani	2010/2011	7.71
Nani	2009/2010	7.62
Darren Fletcher	2014/2015	6.31
Darren Fletcher	2013/2014	6.24
Darren Fletcher	2013/2014	6.58
Darren Fletcher	2012/2013	6.41
Darren Fletcher	2012/2013	6.89
Darren Fletcher	2011/2012	6.92
Darren Fletcher	2011/2012	6.75
Darren Fletcher	2010/2011	6.72
Darren Fletcher	2010/2011	6.93
Darren Fletcher	2009/2010	7.04
Adnan Januzaj	2014/2015	6.28
Adnan Januzaj	2013/2014	6.52
Adnan Januzaj	2013/2014	6.96
Javier Hernández	2014/2015	6.68
Javier Hernández	2014/2015	6.33
Javier Hernández	2014/2015	6.26
Javier Hernández	2013/2014	6.03
Javier Hernández	2013/2014	6.39
Javier Hernández	2014	6.17
Javier Hernández	2013	7.21
Javier Hernández	2012/2013	6.84
Javier Hernández	2012/2013	6.80
Javier Hernández	2011/2012	6.40
Javier Hernández	2011/2012	6.68
Javier Hernández	2010/2011	6.86
James Wilson	2014/2015	6.21
Tom Thorpe	2014/2015	6.00
Alexis Sánchez	2014/2015	7.88
Alexis Sánchez	2014/2015	7.78
Alexis Sánchez	2013/2014	7.54
Alexis Sánchez	2013/2014	6.79
Alexis Sánchez	2014	8.17
Alexis Sánchez	2012/2013	7.04
Alexis Sánchez	2012/2013	6.64
Alexis Sánchez	2011/2012	7.43
Alexis Sánchez	2011/2012	6.71
Alexis Sánchez	2010/2011	7.74
Mathieu Debuchy	2014/2015	7.86
Mathieu Debuchy	2014/2015	7.56
Mathieu Debuchy	2013/2014	7.43
Mathieu Debuchy	2014	7.40
Mathieu Debuchy	2012/2013	6.35
Mathieu Debuchy	2012/2013	6.85
Mathieu Debuchy	2012/2013	7.11
Mathieu Debuchy	2012	6.59
Mathieu Debuchy	2011/2012	6.89
Mathieu Debuchy	2011/2012	6.96
Mathieu Debuchy	2010/2011	7.14
Santiago Cazorla	2014/2015	7.30
Santiago Cazorla	2014/2015	7.33
Santiago Cazorla	2013/2014	6.63
Santiago Cazorla	2013/2014	7.36
Santiago Cazorla	2014	6.84
Santiago Cazorla	2013	6.96
Santiago Cazorla	2012/2013	7.05
Santiago Cazorla	2012/2013	7.86
Santiago Cazorla	2012	6.35
Santiago Cazorla	2011/2012	7.60
Santiago Cazorla	2010/2011	7.38
Mesut Özil	2014/2015	6.65
Mesut Özil	2014/2015	7.27
Mesut Özil	2013/2014	7.23
Mesut Özil	2013/2014	6.83
Mesut Özil	2013/2014	7.28
Mesut Özil	2014	7.17
Mesut Özil	2012/2013	7.39
Mesut Özil	2012/2013	6.97
Mesut Özil	2012	7.67
Mesut Özil	2011/2012	7.37
Mesut Özil	2011/2012	7.48
Mesut Özil	2010/2011	7.44
Mesut Özil	2010/2011	7.41
Laurent Koscielny	2014/2015	7.50
Laurent Koscielny	2014/2015	7.22
Laurent Koscielny	2013/2014	7.14
Laurent Koscielny	2013/2014	7.35
Laurent Koscielny	2014	6.80
Laurent Koscielny	2012/2013	7.37
Laurent Koscielny	2012/2013	6.93
Laurent Koscielny	2012	7.20
Laurent Koscielny	2011/2012	7.53
Laurent Koscielny	2011/2012	7.24
Laurent Koscielny	2010/2011	7.46
Laurent Koscielny	2010/2011	7.05
Nacho Monreal	2014/2015	6.82
Nacho Monreal	2014/2015	7.18
Nacho Monreal	2013/2014	6.45
Nacho Monreal	2013/2014	6.71
Nacho Monreal	2013	8.25
Nacho Monreal	2012/2013	7.23
Nacho Monreal	2012/2013	7.73
Nacho Monreal	2012/2013	7.13
Nacho Monreal	2011/2012	7.17
Nacho Monreal	2010/2011	7.14
Calum Chambers	2014/2015	7.32
Calum Chambers	2014/2015	7.16
Per Mertesacker	2014/2015	6.93
Per Mertesacker	2014/2015	7.09
Per Mertesacker	2013/2014	6.83
Per Mertesacker	2013/2014	7.18
Per Mertesacker	2014	6.89
Per Mertesacker	2012/2013	6.90
Per Mertesacker	2012/2013	6.95
Per Mertesacker	2011/2012	7.11
Per Mertesacker	2011/2012	7.08
Per Mertesacker	2011/2012	6.67
Per Mertesacker	2010/2011	6.76
Per Mertesacker	2010/2011	6.83
Kieran Gibbs	2014/2015	7.47
Kieran Gibbs	2014/2015	7.06
Kieran Gibbs	2013/2014	7.04
Kieran Gibbs	2013/2014	7.06
Kieran Gibbs	2012/2013	6.98
Kieran Gibbs	2012/2013	7.11
Kieran Gibbs	2011/2012	6.55
Kieran Gibbs	2011/2012	7.06
Kieran Gibbs	2010/2011	7.04
Kieran Gibbs	2010/2011	6.55
Kieran Gibbs	2009/2010	7.13
Alex Oxlade-Chamberlain	2014/2015	7.43
Alex Oxlade-Chamberlain	2014/2015	6.99
Alex Oxlade-Chamberlain	2013/2014	7.12
Alex Oxlade-Chamberlain	2013/2014	6.57
Alex Oxlade-Chamberlain	2012/2013	6.83
Alex Oxlade-Chamberlain	2012/2013	6.77
Alex Oxlade-Chamberlain	2012	6.11
Alex Oxlade-Chamberlain	2011/2012	7.01
Aaron Ramsey	2014/2015	7.42
Aaron Ramsey	2014/2015	6.97
Aaron Ramsey	2013/2014	7.22
Aaron Ramsey	2013/2014	7.78
Aaron Ramsey	2012/2013	6.49
Aaron Ramsey	2012/2013	6.95
Aaron Ramsey	2011/2012	6.61
Aaron Ramsey	2011/2012	6.76
Aaron Ramsey	2010/2011	6.49
Aaron Ramsey	2009/2010	6.54
Mathieu Flamini	2014/2015	6.57
Mathieu Flamini	2014/2015	6.96
Mathieu Flamini	2013/2014	6.82
Mathieu Flamini	2013/2014	6.65
Mathieu Flamini	2012/2013	7.16
Mathieu Flamini	2012/2013	6.09
Mathieu Flamini	2011/2012	6.96
Mathieu Flamini	2010/2011	6.78
Mathieu Flamini	2010/2011	6.49
Mathieu Flamini	2009/2010	6.54
Héctor Bellerín	2014/2015	6.56
Héctor Bellerín	2014/2015	6.94
Olivier Giroud	2014/2015	6.88
Olivier Giroud	2013/2014	6.74
Olivier Giroud	2013/2014	7.36
Olivier Giroud	2014	6.70
Olivier Giroud	2012/2013	6.92
Olivier Giroud	2012/2013	7.10
Olivier Giroud	2012	5.87
Olivier Giroud	2011/2012	7.59
Jack Wilshere	2014/2015	6.90
Jack Wilshere	2014/2015	6.78
Jack Wilshere	2013/2014	7.13
Jack Wilshere	2013/2014	7.02
Jack Wilshere	2014	6.47
Jack Wilshere	2012/2013	7.74
Jack Wilshere	2012/2013	7.05
Jack Wilshere	2010/2011	7.43
Jack Wilshere	2010/2011	7.07
Jack Wilshere	2009/2010	6.21
Jack Wilshere	2009/2010	6.00
Wojciech Szczesny	2014/2015	6.46
Wojciech Szczesny	2014/2015	6.69
Wojciech Szczesny	2013/2014	6.60
Wojciech Szczesny	2013/2014	7.10
Wojciech Szczesny	2012/2013	6.53
Wojciech Szczesny	2012/2013	6.86
Wojciech Szczesny	2012	3.54
Wojciech Szczesny	2011/2012	6.72
Wojciech Szczesny	2011/2012	6.63
Wojciech Szczesny	2010/2011	6.76
Mikel Arteta	2014/2015	6.90
Mikel Arteta	2014/2015	6.67
Mikel Arteta	2013/2014	6.96
Mikel Arteta	2013/2014	7.14
Mikel Arteta	2012/2013	7.27
Mikel Arteta	2012/2013	7.37
Mikel Arteta	2011/2012	6.99
Mikel Arteta	2011/2012	6.66
Mikel Arteta	2011/2012	7.45
Mikel Arteta	2010/2011	7.25
Emiliano Martinez	2014/2015	6.95
Emiliano Martinez	2014/2015	6.61
Yaya Sanogo	2014/2015	6.70
Yaya Sanogo	2014/2015	6.33
Yaya Sanogo	2013/2014	7.11
Yaya Sanogo	2013/2014	6.11
Yaya Sanogo	2011/2012	6.43
Lukas Podolski	2014/2015	6.70
Lukas Podolski	2014/2015	6.25
Lukas Podolski	2013/2014	7.31
Lukas Podolski	2013/2014	6.99
Lukas Podolski	2014	6.29
Lukas Podolski	2012/2013	7.38
Lukas Podolski	2012/2013	6.98
Lukas Podolski	2012	6.63
Lukas Podolski	2011/2012	7.24
Lukas Podolski	2010/2011	7.08
Joel Campbell	2014/2015	6.46
Joel Campbell	2014/2015	6.22
Joel Campbell	2013/2014	7.01
Joel Campbell	2014	6.95
Joel Campbell	2012/2013	6.68
Tomas Rosicky	2014/2015	6.23
Tomas Rosicky	2014/2015	6.11
Tomas Rosicky	2013/2014	6.51
Tomas Rosicky	2013/2014	6.65
Tomas Rosicky	2012/2013	7.09
Tomas Rosicky	2012/2013	7.06
Tomas Rosicky	2012	6.50
Tomas Rosicky	2011/2012	6.74
Tomas Rosicky	2011/2012	6.92
Tomas Rosicky	2010/2011	6.86
Tomas Rosicky	2010/2011	6.70
Tomas Rosicky	2009/2010	6.72
Theo Walcott	2014/2015	6.10
Theo Walcott	2013/2014	6.96
Theo Walcott	2013/2014	7.13
Theo Walcott	2012/2013	6.54
Theo Walcott	2012/2013	7.24
Theo Walcott	2012	6.61
Theo Walcott	2011/2012	6.66
Theo Walcott	2011/2012	6.87
Theo Walcott	2010/2011	6.88
Theo Walcott	2010/2011	6.92
Theo Walcott	2009/2010	6.39
Francis Coquelin	2014/2015	7.14
Francis Coquelin	2014/2015	6.08
Francis Coquelin	2013/2014	6.91
Francis Coquelin	2013/2014	6.37
Francis Coquelin	2012/2013	6.55
Francis Coquelin	2012/2013	6.36
Francis Coquelin	2011/2012	6.18
Francis Coquelin	2011/2012	6.85
Ainsley Maitland-Niles	2014/2015	6.62
Stephen Warnock	2014/2015	7.32
Stephen Warnock	2013/2014	7.09
Stephen Warnock	2011/2012	7.02
Stephen Warnock	2010/2011	6.83
Stephen Warnock	2009/2010	6.45
Alex Mowatt	2014/2015	7.09
Jason Pearce	2014/2015	6.99
Liam Cooper	2014/2015	6.99
Giuseppe Bellusci	2014/2015	6.92
Giuseppe Bellusci	2013/2014	6.83
Giuseppe Bellusci	2012/2013	6.99
Giuseppe Bellusci	2011/2012	7.12
Giuseppe Bellusci	2010/2011	6.94
Rodolph Austin	2014/2015	6.82
Scott Wootton	2014/2015	7.27
Scott Wootton	2014/2015	6.78
Scott Wootton	2013/2014	6.74
Gaetano Berardi	2014/2015	6.74
Gaetano Berardi	2013/2014	6.46
Gaetano Berardi	2012/2013	6.59
Mirco Antenucci	2014/2015	6.74
Mirco Antenucci	2012/2013	5.94
Sam Byram	2014/2015	6.74
Marco Silvestri	2014/2015	6.73
Souleymane Doukara	2014/2015	6.72
Souleymane Doukara	2013/2014	5.91
Steve Morison	2014/2015	6.36
Steve Morison	2013/2014	6.88
Steve Morison	2012/2013	6.14
Billy Sharp	2014/2015	6.25
Billy Sharp	2013/2014	6.54
Billy Sharp	2013/2014	6.31
Noel Hunt	2014/2015	6.20
Noel Hunt	2014/2015	6.63
Noel Hunt	2013/2014	6.43
Michael Tonge	2014/2015	6.13
Michael Tonge	2013/2014	6.56
Dominic Poleon	2014/2015	6.08
Martin Skrtel	2014/2015	6.49
Martin Skrtel	2014/2015	7.46
Martin Skrtel	2013/2014	7.45
Martin Skrtel	2012/2013	7.03
Martin Skrtel	2012/2013	6.96
Martin Skrtel	2011/2012	6.93
Martin Skrtel	2010/2011	6.83
Martin Skrtel	2009/2010	6.92
Raheem Sterling	2014/2015	6.89
Raheem Sterling	2014/2015	7.34
Raheem Sterling	2013/2014	7.40
Raheem Sterling	2014	6.54
Raheem Sterling	2012/2013	6.14
Raheem Sterling	2012/2013	6.98
Lucas Leiva	2014/2015	6.86
Lucas Leiva	2014/2015	7.29
Lucas Leiva	2013/2014	7.08
Lucas Leiva	2012/2013	6.74
Lucas Leiva	2012/2013	7.24
Lucas Leiva	2011/2012	7.40
Lucas Leiva	2010/2011	7.22
Lucas Leiva	2009/2010	7.25
Jordan Henderson	2014/2015	6.79
Jordan Henderson	2014/2015	7.19
Jordan Henderson	2013/2014	7.22
Jordan Henderson	2014	6.71
Jordan Henderson	2013	6.33
Jordan Henderson	2012/2013	6.91
Jordan Henderson	2012/2013	6.81
Jordan Henderson	2012	6.20
Jordan Henderson	2011/2012	6.68
Jordan Henderson	2010/2011	7.05
Dejan Lovren	2014/2015	7.10
Dejan Lovren	2014/2015	7.08
Dejan Lovren	2013/2014	7.32
Dejan Lovren	2014	6.66
Dejan Lovren	2012/2013	6.57
Dejan Lovren	2012/2013	6.85
Dejan Lovren	2011/2012	7.01
Dejan Lovren	2011/2012	6.74
Dejan Lovren	2010/2011	7.11
Dejan Lovren	2010/2011	6.94
Daniel Sturridge	2014/2015	7.08
Daniel Sturridge	2013/2014	7.46
Daniel Sturridge	2014	6.85
Daniel Sturridge	2012/2013	6.11
Daniel Sturridge	2012/2013	7.65
Daniel Sturridge	2012/2013	6.41
Daniel Sturridge	2011/2012	6.77
Daniel Sturridge	2011/2012	6.88
Daniel Sturridge	2010/2011	6.83
Daniel Sturridge	2010/2011	6.11
Daniel Sturridge	2010/2011	7.11
Daniel Sturridge	2009/2010	6.06
Alberto Moreno	2014/2015	6.95
Alberto Moreno	2014/2015	6.95
Alberto Moreno	2013/2014	6.92
Alberto Moreno	2013/2014	6.97
Alberto Moreno	2013	7.20
Alberto Moreno	2012/2013	6.93
Steven Gerrard	2014/2015	7.08
Steven Gerrard	2014/2015	6.93
Steven Gerrard	2013/2014	7.77
Steven Gerrard	2014	6.30
Steven Gerrard	2012/2013	6.89
Steven Gerrard	2012/2013	7.55
Steven Gerrard	2012	7.75
Steven Gerrard	2011/2012	7.03
Steven Gerrard	2010/2011	7.52
Steven Gerrard	2009/2010	7.22
Simon Mignolet	2014/2015	6.57
Simon Mignolet	2014/2015	6.92
Simon Mignolet	2013/2014	6.71
Simon Mignolet	2012/2013	7.02
Simon Mignolet	2011/2012	6.91
Bradley Jones	2014/2015	6.92
Bradley Jones	2012/2013	6.54
Bradley Jones	2012/2013	6.73
Adam Lallana	2014/2015	6.47
Adam Lallana	2014/2015	6.92
Adam Lallana	2013/2014	7.24
Adam Lallana	2014	6.16
Javier Manquillo	2014/2015	7.18
Javier Manquillo	2014/2015	6.91
Javier Manquillo	2013/2014	7.30
Javier Manquillo	2013/2014	7.74
Javier Manquillo	2012/2013	6.97
Kolo Touré	2014/2015	7.24
Kolo Touré	2014/2015	6.87
Kolo Touré	2013/2014	6.91
Kolo Touré	2014	6.38
Kolo Touré	2012/2013	6.77
Kolo Touré	2011/2012	6.32
Kolo Touré	2011/2012	6.57
Kolo Touré	2010/2011	7.10
Philippe Coutinho	2014/2015	6.58
Philippe Coutinho	2014/2015	6.75
Philippe Coutinho	2013/2014	7.45
Philippe Coutinho	2012/2013	6.48
Philippe Coutinho	2012/2013	7.24
Philippe Coutinho	2012/2013	7.30
Philippe Coutinho	2011/2012	6.96
Philippe Coutinho	2011/2012	6.95
Philippe Coutinho	2011/2012	6.18
Philippe Coutinho	2010/2011	6.75
Mamadou Sakho	2014/2015	6.73
Mamadou Sakho	2014/2015	6.70
Mamadou Sakho	2013/2014	7.05
Mamadou Sakho	2014	7.16
Mamadou Sakho	2012/2013	6.58
Mamadou Sakho	2012/2013	7.14
Mamadou Sakho	2011/2012	6.62
Mamadou Sakho	2010/2011	7.23
Joe Allen	2014/2015	6.48
Joe Allen	2014/2015	6.60
Joe Allen	2013/2014	6.90
Joe Allen	2012/2013	6.92
Joe Allen	2012/2013	6.63
Mario Balotelli	2014/2015	6.91
Mario Balotelli	2014/2015	6.49
Mario Balotelli	2013/2014	7.31
Mario Balotelli	2013/2014	6.89
Mario Balotelli	2014	6.47
Mario Balotelli	2013	7.22
Mario Balotelli	2012/2013	8.21
Mario Balotelli	2012/2013	6.34
Mario Balotelli	2012/2013	6.37
Mario Balotelli	2012	6.72
Mario Balotelli	2011/2012	7.23
Mario Balotelli	2011/2012	7.06
Mario Balotelli	2010/2011	6.82
Mario Balotelli	2009/2010	7.33
Lazar Markovic	2014/2015	6.11
Lazar Markovic	2014/2015	6.30
Lazar Markovic	2013/2014	6.42
Lazar Markovic	2013/2014	6.50
Rickie Lambert	2014/2015	6.62
Rickie Lambert	2014/2015	6.26
Rickie Lambert	2013/2014	6.99
Rickie Lambert	2014	5.97
José Enrique	2014/2015	7.20
José Enrique	2014/2015	6.24
José Enrique	2013/2014	6.85
José Enrique	2012/2013	6.63
José Enrique	2012/2013	7.01
José Enrique	2011/2012	6.83
Fabio Borini	2014/2015	6.13
Fabio Borini	2014/2015	6.13
Fabio Borini	2013/2014	6.80
Fabio Borini	2013	7.33
Fabio Borini	2012/2013	6.54
Fabio Borini	2012/2013	6.37
Fabio Borini	2011/2012	6.93
Fabio Borini	2009/2010	6.17
Cesc Fàbregas	2014/2015	7.83
Cesc Fàbregas	2014/2015	7.73
Cesc Fàbregas	2013/2014	7.31
Cesc Fàbregas	2013/2014	6.71
Cesc Fàbregas	2014	6.58
Cesc Fàbregas	2013	7.04
Cesc Fàbregas	2012/2013	7.45
Cesc Fàbregas	2012/2013	6.73
Cesc Fàbregas	2012	6.92
Cesc Fàbregas	2011/2012	7.44
Cesc Fàbregas	2011/2012	7.35
Cesc Fàbregas	2010/2011	7.41
Cesc Fàbregas	2010/2011	7.55
Cesc Fàbregas	2009/2010	8.08
Eden Hazard	2014/2015	8.55
Eden Hazard	2014/2015	7.71
Eden Hazard	2013/2014	7.41
Eden Hazard	2013/2014	7.67
Eden Hazard	2014	7.44
Eden Hazard	2012/2013	7.31
Eden Hazard	2012/2013	7.39
Eden Hazard	2012/2013	7.35
Eden Hazard	2011/2012	7.49
Eden Hazard	2011/2012	7.84
Eden Hazard	2010/2011	7.47
Nemanja Matic	2014/2015	8.07
Nemanja Matic	2014/2015	7.36
Nemanja Matic	2013/2014	6.84
Nemanja Matic	2013/2014	7.63
Nemanja Matic	2012/2013	7.24
Nemanja Matic	2012/2013	6.81
Nemanja Matic	2011/2012	6.59
Oscar	2014/2015	6.87
Oscar	2014/2015	7.35
Oscar	2013/2014	7.14
Oscar	2013/2014	7.04
Oscar	2014	7.39
Oscar	2013	7.13
Oscar	2012/2013	6.48
Oscar	2012/2013	7.74
Branislav Ivanovic	2014/2015	7.07
Branislav Ivanovic	2014/2015	7.32
Branislav Ivanovic	2013/2014	7.35
Branislav Ivanovic	2013/2014	7.29
Branislav Ivanovic	2012/2013	6.91
Branislav Ivanovic	2012/2013	6.81
Branislav Ivanovic	2012/2013	7.11
Branislav Ivanovic	2011/2012	7.62
Branislav Ivanovic	2011/2012	7.12
Branislav Ivanovic	2010/2011	7.31
Branislav Ivanovic	2010/2011	7.23
Branislav Ivanovic	2009/2010	7.51
César Azpilicueta	2014/2015	7.52
César Azpilicueta	2014/2015	7.09
César Azpilicueta	2013/2014	7.37
César Azpilicueta	2013/2014	7.26
César Azpilicueta	2014	6.44
César Azpilicueta	2013	6.58
César Azpilicueta	2012/2013	6.82
César Azpilicueta	2012/2013	6.44
César Azpilicueta	2012/2013	6.99
César Azpilicueta	2012/2013	7.29
César Azpilicueta	2011/2012	7.37
César Azpilicueta	2011/2012	6.77
César Azpilicueta	2010/2011	7.77
César Azpilicueta	2010/2011	7.11
John Terry	2014/2015	7.23
John Terry	2014/2015	6.97
John Terry	2013/2014	6.89
John Terry	2013/2014	7.13
John Terry	2012/2013	7.03
John Terry	2012/2013	6.48
John Terry	2012/2013	7.06
John Terry	2012	7.28
John Terry	2011/2012	6.97
John Terry	2011/2012	7.11
John Terry	2010/2011	7.30
John Terry	2010/2011	7.31
John Terry	2009/2010	7.00
Gary Cahill	2014/2015	6.98
Gary Cahill	2014/2015	6.97
Gary Cahill	2013/2014	7.01
Gary Cahill	2013/2014	7.29
Gary Cahill	2014	7.21
Gary Cahill	2012/2013	7.21
Gary Cahill	2012/2013	6.83
Gary Cahill	2012/2013	7.07
Gary Cahill	2011/2012	6.46
Gary Cahill	2011/2012	6.97
Gary Cahill	2011/2012	6.93
Gary Cahill	2010/2011	7.30
Thibaut Courtois	2014/2015	6.80
Thibaut Courtois	2014/2015	6.89
Thibaut Courtois	2013/2014	6.73
Thibaut Courtois	2013/2014	6.87
Thibaut Courtois	2014	6.86
Thibaut Courtois	2012/2013	6.83
Willian	2014/2015	7.26
Willian	2014/2015	6.83
Willian	2013/2014	7.15
Willian	2013/2014	7.94
Willian	2013/2014	7.22
Willian	2014	6.35
Willian	2012/2013	6.91
Willian	2012/2013	8.17
Willian	2011/2012	7.34
Filipe Luis	2014/2015	7.34
Filipe Luis	2014/2015	6.59
Filipe Luis	2013/2014	7.24
Filipe Luis	2013/2014	7.23
Filipe Luis	2012/2013	7.26
Filipe Luis	2012/2013	7.12
Filipe Luis	2011/2012	7.38
Filipe Luis	2010/2011	7.02
André Schürrle	2014/2015	6.91
André Schürrle	2014/2015	6.51
André Schürrle	2013/2014	6.85
André Schürrle	2013/2014	6.89
André Schürrle	2014	6.99
André Schürrle	2012/2013	7.67
André Schürrle	2012/2013	7.21
André Schürrle	2012	6.58
André Schürrle	2011/2012	7.37
André Schürrle	2011/2012	6.92
André Schürrle	2010/2011	7.25
Loïc Remy	2014/2015	6.53
Loïc Remy	2014/2015	6.79
Loïc Remy	2014/2015	6.48
Loïc Remy	2013/2014	7.15
Loïc Remy	2014	6.32
Loïc Remy	2012/2013	7.07
Loïc Remy	2012/2013	6.65
Loïc Remy	2012/2013	6.20
Loïc Remy	2011/2012	6.60
Loïc Remy	2011/2012	7.01
Loïc Remy	2010/2011	7.22
Loïc Remy	2010/2011	7.14
Loïc Remy	2010/2011	7.05
Didier Drogba	2014/2015	7.03
Didier Drogba	2014/2015	6.38
Didier Drogba	2013/2014	7.14
Didier Drogba	2014	6.44
Didier Drogba	2012/2013	7.34
Didier Drogba	2011/2012	7.56
Didier Drogba	2011/2012	6.85
Didier Drogba	2010/2011	7.38
Didier Drogba	2010/2011	7.55
Didier Drogba	2009/2010	7.38
John Obi Mikel	2014/2015	7.17
John Obi Mikel	2014/2015	6.35
John Obi Mikel	2013/2014	6.68
John Obi Mikel	2013/2014	6.66
John Obi Mikel	2014	6.97
John Obi Mikel	2013	7.67
John Obi Mikel	2012/2013	6.73
John Obi Mikel	2012/2013	6.85
John Obi Mikel	2012/2013	6.75
John Obi Mikel	2011/2012	6.94
John Obi Mikel	2011/2012	6.70
John Obi Mikel	2010/2011	7.21
John Obi Mikel	2010/2011	7.08
John Obi Mikel	2009/2010	7.33
Petr Cech	2014/2015	6.73
Petr Cech	2014/2015	6.24
Petr Cech	2013/2014	6.89
Petr Cech	2013/2014	6.83
Petr Cech	2012/2013	6.72
Petr Cech	2012/2013	7.02
Petr Cech	2012/2013	6.93
Petr Cech	2012	6.19
Petr Cech	2011/2012	7.55
Petr Cech	2011/2012	6.75
Petr Cech	2010/2011	7.12
Petr Cech	2010/2011	6.87
Petr Cech	2009/2010	7.30
Mohamed Salah	2014/2015	6.49
Mohamed Salah	2014/2015	6.07
Mohamed Salah	2013/2014	6.81
Mohamed Salah	2013/2014	6.88
Jores Okore	2014/2015	7.37
Jores Okore	2013/2014	6.79
Alan Hutton	2014/2015	7.36
Alan Hutton	2013/2014	7.07
Alan Hutton	2012/2013	6.60
Alan Hutton	2011/2012	6.78
Alan Hutton	2010/2011	6.91
Alan Hutton	2010/2011	7.01
Alan Hutton	2009/2010	6.47
Ciaran Clark	2014/2015	7.31
Ciaran Clark	2013/2014	6.86
Ciaran Clark	2012/2013	6.83
Ciaran Clark	2011/2012	6.76
Ciaran Clark	2010/2011	6.99
Nathan Baker	2014/2015	7.11
Nathan Baker	2013/2014	6.65
Nathan Baker	2012/2013	7.09
Nathan Baker	2011/2012	6.44
Matthew Lowton	2014/2015	7.08
Matthew Lowton	2013/2014	6.55
Brad Guzan	2014/2015	7.08
Brad Guzan	2013/2014	6.82
Brad Guzan	2012/2013	6.79
Fabian Delph	2014/2015	7.03
Fabian Delph	2013/2014	7.12
Fabian Delph	2012/2013	6.90
Fabian Delph	2011/2012	6.67
Fabian Delph	2010/2011	6.62
Aly Cissokho	2014/2015	7.01
Aly Cissokho	2013/2014	6.98
Aly Cissokho	2012/2013	6.84
Aly Cissokho	2012/2013	7.19
Aly Cissokho	2012/2013	6.74
Aly Cissokho	2011/2012	7.38
Aly Cissokho	2011/2012	6.56
Aly Cissokho	2010/2011	6.72
Aly Cissokho	2010/2011	7.04
Aly Cissokho	2009/2010	7.25
Ron Vlaar	2014/2015	6.92
Ron Vlaar	2013/2014	6.94
Ron Vlaar	2014	7.75
Ron Vlaar	2012/2013	7.06
Ashley Westwood	2014/2015	6.86
Ashley Westwood	2013/2014	6.83
Philippe Senderos	2014/2015	6.83
Philippe Senderos	2013/2014	6.49
Philippe Senderos	2013/2014	6.68
Philippe Senderos	2013/2014	6.79
Philippe Senderos	2014	5.44
Philippe Senderos	2012/2013	6.63
Philippe Senderos	2011/2012	6.70
Philippe Senderos	2010/2011	7.16
Carlos Sánchez	2014/2015	6.72
Carlos Sánchez	2013/2014	6.70
Carlos Sánchez	2014	6.99
Carlos Sánchez	2012/2013	6.86
Carlos Sánchez	2011/2012	6.51
Carlos Sánchez	2010/2011	6.81
Andreas Weimann	2014/2015	6.60
Andreas Weimann	2013/2014	6.59
Andreas Weimann	2012/2013	6.81
Andreas Weimann	2011/2012	6.26
Gabriel Agbonlahor	2014/2015	6.55
Gabriel Agbonlahor	2013/2014	6.55
Gabriel Agbonlahor	2012/2013	6.76
Gabriel Agbonlahor	2011/2012	6.74
Gabriel Agbonlahor	2010/2011	6.51
Christian Benteke	2014/2015	6.49
Christian Benteke	2013/2014	7.26
Jack Grealish	2014/2015	6.31
Kieran Richardson	2014/2015	6.29
Kieran Richardson	2013/2014	6.78
Kieran Richardson	2012/2013	6.52
Kieran Richardson	2012/2013	7.96
Kieran Richardson	2011/2012	6.84
Kieran Richardson	2010/2011	6.85
Charles N'Zogbia	2014/2015	6.22
Charles N'Zogbia	2012/2013	6.63
Charles N'Zogbia	2011/2012	6.80
Charles N'Zogbia	2010/2011	7.17
Darren Bent	2014/2015	6.52
Darren Bent	2014/2015	6.03
Darren Bent	2013/2014	6.30
Darren Bent	2012/2013	6.51
Darren Bent	2011/2012	6.77
Darren Bent	2010/2011	6.71
Darren Bent	2010/2011	7.07
Costel Pantilimon	2014/2015	7.46
Costel Pantilimon	2013/2014	6.14
Patrick van Aanholt	2014/2015	7.20
Patrick van Aanholt	2013/2014	7.12
Patrick van Aanholt	2013	6.32
Patrick van Aanholt	2011/2012	6.38
Patrick van Aanholt	2010/2011	6.28
Sebastian Larsson	2014/2015	7.17
Sebastian Larsson	2013/2014	6.73
Sebastian Larsson	2012/2013	6.82
Sebastian Larsson	2012	7.35
Sebastian Larsson	2011/2012	7.10
Sebastian Larsson	2010/2011	6.94
Santiago Vergini	2014/2015	7.08
Anthony Réveillere	2014/2015	7.04
Anthony Réveillere	2013/2014	6.78
Anthony Réveillere	2013/2014	6.90
Anthony Réveillere	2012/2013	6.86
Anthony Réveillere	2012/2013	6.95
Anthony Réveillere	2012	5.68
Anthony Réveillere	2011/2012	6.85
Anthony Réveillere	2011/2012	6.63
Anthony Réveillere	2010/2011	6.78
Anthony Réveillere	2010/2011	6.80
Anthony Réveillere	2009/2010	6.92
John O'Shea	2014/2015	7.04
John O'Shea	2013/2014	6.71
John O'Shea	2012/2013	6.91
John O'Shea	2012	5.90
John O'Shea	2011/2012	6.84
John O'Shea	2010/2011	6.53
John O'Shea	2010/2011	6.99
John O'Shea	2009/2010	6.87
Lee Cattermole	2014/2015	7.02
Lee Cattermole	2013/2014	6.67
Lee Cattermole	2012/2013	6.70
Lee Cattermole	2011/2012	6.84
Lee Cattermole	2010/2011	6.96
Vito Mannone	2014/2015	6.96
Vito Mannone	2013/2014	7.06
Vito Mannone	2012/2013	6.42
Vito Mannone	2012/2013	6.65
Vito Mannone	2011/2012	5.71
Vito Mannone	2009/2010	6.36
Wes Brown	2014/2015	6.94
Wes Brown	2013/2014	6.65
Wes Brown	2011/2012	6.93
Wes Brown	2010/2011	6.69
Wes Brown	2010/2011	6.85
Wes Brown	2009/2010	6.35
Connor Wickham	2014/2015	6.85
Connor Wickham	2013/2014	7.59
Connor Wickham	2013/2014	6.73
Connor Wickham	2013/2014	6.82
Connor Wickham	2013	6.63
Connor Wickham	2012/2013	6.27
Billy Jones	2014/2015	6.81
Billy Jones	2013/2014	6.97
Billy Jones	2012/2013	6.77
Jordi Gómez	2014/2015	6.68
Jordi Gómez	2013/2014	6.66
Jordi Gómez	2013/2014	7.06
Jordi Gómez	2012/2013	6.51
Jordi Gómez	2011/2012	6.67
Jordi Gómez	2010/2011	6.65
Jack Rodwell	2014/2015	6.65
Jack Rodwell	2013/2014	6.03
Jack Rodwell	2013/2014	6.23
Jack Rodwell	2012/2013	5.57
Jack Rodwell	2012/2013	6.59
Jack Rodwell	2011/2012	6.48
Jack Rodwell	2010/2011	6.39
Liam Bridcutt	2014/2015	6.62
Liam Bridcutt	2013/2014	6.77
Emanuele Giaccherini	2014/2015	6.58
Emanuele Giaccherini	2013/2014	6.61
Emanuele Giaccherini	2013	6.52
Emanuele Giaccherini	2012/2013	7.02
Emanuele Giaccherini	2012/2013	5.99
Emanuele Giaccherini	2012	6.69
Emanuele Giaccherini	2012	6.69
Emanuele Giaccherini	2011/2012	6.83
Sebastián Coates	2014/2015	6.58
Sebastián Coates	2014	6.04
Sebastián Coates	2013	7.13
Sebastián Coates	2012/2013	6.98
Sebastián Coates	2012/2013	6.37
Steven Fletcher	2014/2015	6.55
Steven Fletcher	2013/2014	6.34
Steven Fletcher	2012/2013	6.96
Steven Fletcher	2011/2012	6.79
Steven Fletcher	2010/2011	6.67
Ricardo Álvarez	2014/2015	6.43
Ricardo Álvarez	2013/2014	7.39
Ricardo Álvarez	2014	6.09
Ricardo Álvarez	2012/2013	6.93
Ricardo Álvarez	2012/2013	6.87
Ricardo Álvarez	2011/2012	7.04
William Buckley	2014/2015	6.26
William Buckley	2014/2015	6.32
Valentin Roberge	2014/2015	6.13
Valentin Roberge	2014/2015	6.96
Valentin Roberge	2013/2014	6.50
Ben Hamer	2014/2015	7.74
Marcin Wasilewski	2014/2015	7.56
Marcin Wasilewski	2013/2014	6.95
Marcin Wasilewski	2012/2013	6.93
Wes Morgan	2014/2015	7.23
Daniel Drinkwater	2014/2015	6.96
Jeffrey Schlupp	2014/2015	6.94
Leonardo Ulloa	2014/2015	6.90
Leonardo Ulloa	2013/2014	6.89
Kasper Schmeichel	2014/2015	6.90
Esteban Cambiasso	2014/2015	6.90
Esteban Cambiasso	2013/2014	7.29
Esteban Cambiasso	2012/2013	7.10
Esteban Cambiasso	2012/2013	7.23
Esteban Cambiasso	2011/2012	7.10
Esteban Cambiasso	2011/2012	7.31
Esteban Cambiasso	2010/2011	7.09
Esteban Cambiasso	2010/2011	6.88
Esteban Cambiasso	2009/2010	7.25
Dean Hammond	2014/2015	6.81
Matthew James	2014/2015	6.78
Paul Konchesky	2014/2015	6.75
Paul Konchesky	2013/2014	6.88
Paul Konchesky	2010/2011	7.79
Paul Konchesky	2010/2011	6.68
Jamie Vardy	2014/2015	6.65
Andy King	2014/2015	6.64
Danny Simpson	2014/2015	6.20
Danny Simpson	2014/2015	6.58
Danny Simpson	2013/2014	7.11
Danny Simpson	2012/2013	6.94
Danny Simpson	2012/2013	6.55
Danny Simpson	2011/2012	6.78
David Nugent	2014/2015	6.42
David Nugent	2013/2014	7.04
David Nugent	2009/2010	6.19
Chris Wood	2014/2015	6.24
Chris Wood	2013/2014	6.46
Anthony Knockaert	2014/2015	6.17
Marc Albrighton	2014/2015	6.15
Marc Albrighton	2013/2014	6.48
Marc Albrighton	2013/2014	6.81
Marc Albrighton	2012/2013	6.37
Marc Albrighton	2011/2012	6.71
Marc Albrighton	2010/2011	7.04
Nick Powell	2014/2015	6.07
Nick Powell	2013/2014	7.24
Nick Powell	2013/2014	7.01
Nick Powell	2012/2013	6.06
Gary Taylor-Fletcher	2014/2015	6.24
Gary Taylor-Fletcher	2014/2015	5.89
Gary Taylor-Fletcher	2013/2014	6.44
James Tomkins	2014/2015	7.58
James Tomkins	2013/2014	7.17
James Tomkins	2012/2013	6.87
James Tomkins	2010/2011	7.34
James Collins	2014/2015	7.20
James Collins	2013/2014	7.15
James Collins	2012/2013	7.01
James Collins	2011/2012	6.98
James Collins	2010/2011	7.04
James Collins	2009/2010	7.73
Mark Noble	2014/2015	7.11
Mark Noble	2013/2014	7.13
Mark Noble	2012/2013	7.09
Mark Noble	2010/2011	6.95
Aaron Cresswell	2014/2015	6.96
Alexandre Song	2014/2015	6.88
Alexandre Song	2013/2014	6.85
Alexandre Song	2013/2014	6.19
Alexandre Song	2014	5.46
Alexandre Song	2012/2013	7.14
Alexandre Song	2012/2013	6.54
Alexandre Song	2011/2012	7.43
Alexandre Song	2011/2012	7.22
Alexandre Song	2010/2011	7.47
Alexandre Song	2010/2011	7.39
Alexandre Song	2009/2010	7.55
Joey O'Brien	2014/2015	6.86
Joey O'Brien	2013/2014	6.60
Mauro Zárate	2014/2015	6.85
Mauro Zárate	2012/2013	6.25
Mauro Zárate	2012/2013	6.72
Mauro Zárate	2011/2012	6.60
Mauro Zárate	2011/2012	7.02
Mauro Zárate	2010/2011	7.19
Adrián	2014/2015	6.85
Adrián	2013/2014	6.84
Carl Jenkinson	2014/2015	6.75
Carl Jenkinson	2013/2014	6.62
Carl Jenkinson	2013/2014	6.67
Carl Jenkinson	2012/2013	6.69
Carl Jenkinson	2012/2013	6.76
Carl Jenkinson	2011/2012	6.43
Morgan Amalfitano	2014/2015	6.64
Morgan Amalfitano	2013/2014	6.91
Morgan Amalfitano	2013/2014	6.22
Morgan Amalfitano	2012/2013	7.10
Morgan Amalfitano	2012/2013	6.67
Morgan Amalfitano	2011/2012	6.75
Morgan Amalfitano	2011/2012	6.63
Morgan Amalfitano	2010/2011	7.09
Enner Valencia	2014/2015	6.62
Guy Demel	2014/2015	6.55
Guy Demel	2013/2014	6.84
Guy Demel	2012/2013	6.75
Guy Demel	2010/2011	6.71
Kevin Nolan	2014/2015	6.46
Kevin Nolan	2013/2014	6.74
Kevin Nolan	2012/2013	6.78
Carlton Cole	2014/2015	6.35
Carlton Cole	2013/2014	6.43
Carlton Cole	2012/2013	6.42
Carlton Cole	2010/2011	6.52
Ricardo Vaz Te	2014/2015	6.31
Ricardo Vaz Te	2013/2014	6.54
Diego Poyet	2014/2015	6.77
Diego Poyet	2014/2015	6.27
Mohamed Diamé	2014/2015	7.24
Mohamed Diamé	2014/2015	6.26
Mohamed Diamé	2013/2014	6.86
Mohamed Diamé	2012/2013	7.05
Mohamed Diamé	2011/2012	6.85
Mohamed Diamé	2010/2011	6.95
Federico Fazio	2014/2015	7.17
Federico Fazio	2014/2015	7.27
Federico Fazio	2013/2014	7.41
Federico Fazio	2013/2014	7.58
Federico Fazio	2012/2013	7.10
Federico Fazio	2011/2012	7.14
Federico Fazio	2010/2011	6.97
Federico Fazio	2009/2010	7.22
Christian Eriksen	2014/2015	6.79
Christian Eriksen	2014/2015	7.25
Christian Eriksen	2013/2014	6.91
Christian Eriksen	2013/2014	7.22
Christian Eriksen	2013/2014	8.02
Christian Eriksen	2012/2013	7.28
Christian Eriksen	2012/2013	7.25
Christian Eriksen	2012	6.12
Christian Eriksen	2011/2012	7.27
Younes Kaboul	2014/2015	7.48
Younes Kaboul	2014/2015	7.22
Younes Kaboul	2013/2014	7.09
Younes Kaboul	2013/2014	6.67
Younes Kaboul	2012/2013	6.52
Younes Kaboul	2011/2012	7.31
Younes Kaboul	2010/2011	7.74
Younes Kaboul	2010/2011	6.95
Younes Kaboul	2009/2010	7.34
Danny Rose	2014/2015	7.10
Danny Rose	2014/2015	7.15
Danny Rose	2013/2014	6.75
Danny Rose	2013/2014	7.05
Danny Rose	2013	6.45
Danny Rose	2012/2013	7.01
Danny Rose	2011/2012	6.30
Danny Rose	2010/2011	7.53
Eric Dier	2014/2015	7.29
Etienne Capoue	2014/2015	6.78
Etienne Capoue	2014/2015	7.08
Etienne Capoue	2013/2014	7.22
Etienne Capoue	2013/2014	6.93
Etienne Capoue	2012/2013	7.53
Etienne Capoue	2011/2012	7.09
Etienne Capoue	2010/2011	7.25
Jan Vertonghen	2014/2015	7.13
Jan Vertonghen	2014/2015	7.06
Jan Vertonghen	2013/2014	6.99
Jan Vertonghen	2013/2014	6.93
Jan Vertonghen	2014	7.44
Jan Vertonghen	2012/2013	7.22
Jan Vertonghen	2012/2013	7.62
Jan Vertonghen	2011/2012	7.57
Ryan Mason	2014/2015	5.91
Ryan Mason	2014/2015	7.02
Ben Davies	2014/2015	7.23
Ben Davies	2014/2015	7.02
Ben Davies	2013/2014	7.43
Ben Davies	2013/2014	6.91
Kyle Walker	2014/2015	6.72
Kyle Walker	2014/2015	7.00
Kyle Walker	2013/2014	7.14
Kyle Walker	2013/2014	7.06
Kyle Walker	2012/2013	7.30
Kyle Walker	2012/2013	7.17
Kyle Walker	2011/2012	7.13
Kyle Walker	2010/2011	7.27
Kyle Walker	2010/2011	6.03
Erik Lamela	2014/2015	7.51
Erik Lamela	2014/2015	6.97
Erik Lamela	2013/2014	7.58
Erik Lamela	2013/2014	6.39
Erik Lamela	2012/2013	7.59
Nacer Chadli	2014/2015	6.31
Nacer Chadli	2014/2015	6.89
Nacer Chadli	2013/2014	7.24
Nacer Chadli	2013/2014	6.69
Nacer Chadli	2014	6.33
Nacer Chadli	2012/2013	7.25
Vlad Chiriches	2014/2015	7.28
Vlad Chiriches	2014/2015	6.87
Vlad Chiriches	2013/2014	7.91
Vlad Chiriches	2013/2014	7.10
Nabil Bentaleb	2014/2015	6.88
Nabil Bentaleb	2014/2015	6.81
Nabil Bentaleb	2013/2014	6.60
Nabil Bentaleb	2013/2014	6.67
Harry Kane	2014/2015	7.61
Harry Kane	2014/2015	6.80
Harry Kane	2013/2014	6.35
Harry Kane	2013/2014	6.87
Harry Kane	2012/2013	6.17
Benjamin Stambouli	2014/2015	7.67
Benjamin Stambouli	2014/2015	6.74
Benjamin Stambouli	2014/2015	7.24
Benjamin Stambouli	2013/2014	7.05
Benjamin Stambouli	2012/2013	6.87
Benjamin Stambouli	2012/2013	7.03
Benjamin Stambouli	2011/2012	6.78
Emmanuel Adebayor	2014/2015	6.51
Emmanuel Adebayor	2014/2015	6.63
Emmanuel Adebayor	2013/2014	6.98
Emmanuel Adebayor	2013/2014	7.16
Emmanuel Adebayor	2012/2013	6.93
Emmanuel Adebayor	2012/2013	6.66
Emmanuel Adebayor	2011/2012	7.29
Emmanuel Adebayor	2010/2011	6.91
Emmanuel Adebayor	2010/2011	6.66
Emmanuel Adebayor	2010/2011	6.41
Mousa Dembélé	2014/2015	7.41
Mousa Dembélé	2014/2015	6.61
Mousa Dembélé	2013/2014	7.48
Mousa Dembélé	2013/2014	7.16
Mousa Dembélé	2014	7.04
Mousa Dembélé	2012/2013	7.26
Mousa Dembélé	2012/2013	8.42
Mousa Dembélé	2012/2013	7.24
Mousa Dembélé	2011/2012	7.27
Mousa Dembélé	2010/2011	7.12
Aaron Lennon	2014/2015	6.54
Aaron Lennon	2014/2015	6.41
Aaron Lennon	2013/2014	6.52
Aaron Lennon	2013/2014	6.72
Aaron Lennon	2012/2013	6.69
Aaron Lennon	2012/2013	7.03
Aaron Lennon	2011/2012	6.84
Aaron Lennon	2010/2011	6.97
Aaron Lennon	2010/2011	6.85
Kyle Naughton	2014/2015	7.27
Kyle Naughton	2014/2015	6.36
Kyle Naughton	2013/2014	7.22
Kyle Naughton	2013/2014	6.70
Kyle Naughton	2012/2013	6.99
Kyle Naughton	2012/2013	7.08
Kyle Naughton	2011/2012	6.93
Roberto Soldado	2014/2015	6.08
Roberto Soldado	2014/2015	6.34
Roberto Soldado	2013/2014	6.82
Roberto Soldado	2013/2014	6.54
Roberto Soldado	2013	7.08
Roberto Soldado	2012/2013	7.23
Roberto Soldado	2012/2013	6.98
Roberto Soldado	2011/2012	7.02
Roberto Soldado	2011/2012	7.32
Roberto Soldado	2010/2011	7.04
Roberto Soldado	2010/2011	7.21
Paulinho	2014/2015	6.71
Paulinho	2014/2015	6.23
Paulinho	2013/2014	6.35
Paulinho	2013/2014	6.89
Paulinho	2014	6.51
Paulinho	2013	7.29
Lewis Holtby	2014/2015	6.96
Lewis Holtby	2014/2015	6.16
Lewis Holtby	2013/2014	7.03
Lewis Holtby	2013/2014	6.68
Lewis Holtby	2013/2014	6.99
Lewis Holtby	2013	7.18
Lewis Holtby	2012/2013	7.31
Lewis Holtby	2012/2013	6.94
Lewis Holtby	2012/2013	7.27
Lewis Holtby	2012/2013	6.48
Lewis Holtby	2011/2012	7.25
Lewis Holtby	2010/2011	7.11
Lewis Holtby	2009/2010	6.41
Andros Townsend	2014/2015	7.43
Andros Townsend	2014/2015	6.00
Andros Townsend	2013/2014	7.44
Andros Townsend	2013/2014	6.91
Andros Townsend	2012/2013	6.13
Andros Townsend	2012/2013	7.37
Mehdi Abeid	2014/2015	7.32
Paul Dummett	2014/2015	7.20
Daryl Janmaat	2014/2015	7.15
Daryl Janmaat	2013/2014	7.22
Cheick Tioté	2014/2015	7.07
Cheick Tioté	2013/2014	7.01
Cheick Tioté	2014	6.34
Cheick Tioté	2012/2013	7.14
Cheick Tioté	2012/2013	6.85
Cheick Tioté	2011/2012	6.97
Sammy Ameobi	2014/2015	6.98
Sammy Ameobi	2013/2014	6.49
Sammy Ameobi	2012/2013	7.20
Sammy Ameobi	2012/2013	6.38
Sammy Ameobi	2011/2012	6.08
Gabriel Obertan	2014/2015	6.95
Gabriel Obertan	2013/2014	6.21
Gabriel Obertan	2012/2013	6.86
Gabriel Obertan	2012/2013	6.33
Gabriel Obertan	2011/2012	6.50
Gabriel Obertan	2010/2011	6.88
Gabriel Obertan	2010/2011	6.46
Gabriel Obertan	2009/2010	6.93
Massadio Haidara	2014/2015	6.94
Massadio Haidara	2013/2014	6.41
Massadio Haidara	2012/2013	7.63
Massadio Haidara	2012/2013	6.49
Massadio Haidara	2012/2013	7.06
Massadio Haidara	2011/2012	6.91
Fabricio Coloccini	2014/2015	6.94
Fabricio Coloccini	2013/2014	6.78
Fabricio Coloccini	2012/2013	6.95
Fabricio Coloccini	2012/2013	6.79
Fabricio Coloccini	2011/2012	6.88
Rémy Cabella	2014/2015	6.84
Rémy Cabella	2013/2014	7.35
Rémy Cabella	2012/2013	6.88
Rémy Cabella	2012/2013	7.32
Rémy Cabella	2011/2012	6.86
Tim Krul	2014/2015	6.83
Tim Krul	2013/2014	6.62
Tim Krul	2014	6.00
Tim Krul	2012/2013	7.33
Tim Krul	2012/2013	6.70
Tim Krul	2011/2012	6.76
Michael Williamson	2014/2015	6.79
Michael Williamson	2013/2014	7.04
Michael Williamson	2012/2013	6.93
Michael Williamson	2012/2013	7.29
Michael Williamson	2011/2012	6.75
Moussa Sissoko	2014/2015	6.72
Moussa Sissoko	2013/2014	7.09
Moussa Sissoko	2014	6.62
Moussa Sissoko	2012/2013	6.79
Moussa Sissoko	2012/2013	7.03
Moussa Sissoko	2012/2013	6.69
Moussa Sissoko	2011/2012	6.52
Moussa Sissoko	2010/2011	6.81
Yoan Gouffran	2014/2015	6.71
Yoan Gouffran	2013/2014	6.80
Yoan Gouffran	2012/2013	7.22
Yoan Gouffran	2012/2013	6.75
Yoan Gouffran	2012/2013	6.94
Yoan Gouffran	2011/2012	6.87
Yoan Gouffran	2010/2011	6.49
Yoan Gouffran	2009/2010	6.61
Steven Taylor	2014/2015	6.68
Steven Taylor	2013/2014	6.27
Steven Taylor	2012/2013	6.48
Steven Taylor	2012/2013	6.66
Steven Taylor	2011/2012	6.93
Papiss Demba Cissé	2014/2015	6.66
Papiss Demba Cissé	2013/2014	6.42
Papiss Demba Cissé	2012/2013	6.72
Papiss Demba Cissé	2012/2013	6.59
Papiss Demba Cissé	2011/2012	6.94
Papiss Demba Cissé	2011/2012	7.35
Papiss Demba Cissé	2010/2011	6.84
Robert Elliot	2014/2015	6.54
Robert Elliot	2013/2014	6.45
Robert Elliot	2012/2013	7.12
Ryan Taylor	2014/2015	6.48
Ryan Taylor	2012/2013	6.54
Ryan Taylor	2011/2012	6.78
Vurnon Anita	2014/2015	6.46
Vurnon Anita	2013/2014	6.62
Vurnon Anita	2012/2013	6.59
Vurnon Anita	2012/2013	6.46
Vurnon Anita	2011/2012	6.47
Siem de Jong	2014/2015	6.38
Siem de Jong	2013/2014	6.79
Siem de Jong	2013/2014	6.38
Siem de Jong	2013/2014	6.94
Siem de Jong	2012/2013	7.41
Siem de Jong	2012/2013	7.14
Siem de Jong	2011/2012	7.66
Emmanuel Rivière	2014/2015	6.25
Emmanuel Rivière	2013/2014	6.69
Emmanuel Rivière	2012/2013	6.39
Emmanuel Rivière	2011/2012	6.26
Emmanuel Rivière	2010/2011	6.59
Adam Armstrong	2014/2015	5.98
Daniel Ayala	2014/2015	7.45
Daniel Ayala	2013/2014	7.37
Daniel Ayala	2011/2012	6.53
Grant Leadbitter	2014/2015	7.44
Grant Leadbitter	2013/2014	7.16
Ryan Fredericks	2014/2015	7.35
Ryan Fredericks	2013/2014	7.57
George Friend	2014/2015	7.16
George Friend	2013/2014	7.01
Kenneth Omeruo	2014/2015	7.06
Kenneth Omeruo	2013/2014	7.40
Kenneth Omeruo	2014	7.44
Adam Reach	2014/2015	7.02
Adam Clayton	2014/2015	6.98
Patrick Bamford	2014/2015	6.87
Dimitrios Konstantopoulos	2014/2015	6.85
Emmanuel Ledesma	2014/2015	6.71
Emmanuel Ledesma	2014/2015	6.84
Sebastian Hines	2014/2015	6.74
Lee Tomlin	2014/2015	6.68
Jelle Vossen	2014/2015	6.66
Jelle Vossen	2013/2014	6.76
Jelle Vossen	2012/2013	7.17
Ben Gibson	2014/2015	6.65
James Husband	2014/2015	6.63
Dean Whitehead	2014/2015	6.58
Dean Whitehead	2013/2014	6.78
Dean Whitehead	2012/2013	6.42
Dean Whitehead	2011/2012	6.54
Dean Whitehead	2010/2011	6.61
Milos Veljkovic	2014/2015	6.56
Damiá	2014/2015	6.55
Damiá	2013/2014	7.00
Damiá	2012/2013	7.33
Damiá	2011/2012	6.96
Yanic Wildschut	2014/2015	6.50
Yanic Wildschut	2014/2015	6.62
Yanic Wildschut	2013/2014	6.31
Emilio Nsue Lopez	2014/2015	6.48
Emilio Nsue Lopez	2012/2013	6.57
Emilio Nsue Lopez	2011/2012	6.73
Tomás Mejías	2014/2015	6.41
Tomás Mejías	2013/2014	7.66
Luke Williams	2014/2015	6.14
Leighton Baines	2014/2015	7.74
Leighton Baines	2014/2015	7.41
Leighton Baines	2013/2014	7.25
Leighton Baines	2014	6.64
Leighton Baines	2012/2013	7.42
Leighton Baines	2011/2012	7.13
Leighton Baines	2010/2011	7.20
James McCarthy	2014/2015	6.93
James McCarthy	2014/2015	7.31
James McCarthy	2013/2014	6.91
James McCarthy	2013/2014	7.14
James McCarthy	2012/2013	6.89
James McCarthy	2011/2012	6.76
James McCarthy	2010/2011	6.91
John Stones	2014/2015	6.35
John Stones	2014/2015	7.30
Phil Jagielka	2014/2015	7.53
Phil Jagielka	2014/2015	7.27
Phil Jagielka	2013/2014	7.26
Phil Jagielka	2014	6.69
Phil Jagielka	2012/2013	7.21
Phil Jagielka	2011/2012	7.02
Phil Jagielka	2010/2011	7.12
Sylvain Distin	2014/2015	7.48
Sylvain Distin	2014/2015	7.23
Sylvain Distin	2013/2014	7.26
Sylvain Distin	2012/2013	7.19
Sylvain Distin	2011/2012	6.94
Sylvain Distin	2010/2011	7.15
Sylvain Distin	2009/2010	7.37
Antolin Alcaraz	2014/2015	7.32
Antolin Alcaraz	2014/2015	7.20
Antolin Alcaraz	2013/2014	7.05
Antolin Alcaraz	2012/2013	7.03
Antolin Alcaraz	2011/2012	6.89
Seamus Coleman	2014/2015	8.24
Seamus Coleman	2014/2015	7.07
Seamus Coleman	2013/2014	7.32
Seamus Coleman	2012/2013	7.12
Seamus Coleman	2011/2012	6.48
Seamus Coleman	2010/2011	6.73
Steven Naismith	2014/2015	7.67
Steven Naismith	2014/2015	7.00
Steven Naismith	2013/2014	6.61
Steven Naismith	2012/2013	6.41
Steven Naismith	2010/2011	7.14
Ross Barkley	2014/2015	6.79
Ross Barkley	2014/2015	6.96
Ross Barkley	2013/2014	7.01
Ross Barkley	2014	6.51
Ross Barkley	2012/2013	6.53
Tony Hibbert	2014/2015	7.30
Tony Hibbert	2014/2015	6.94
Tony Hibbert	2013/2014	6.06
Tony Hibbert	2012/2013	6.72
Tony Hibbert	2011/2012	6.79
Tony Hibbert	2010/2011	6.66
Samuel Eto'o	2014/2015	6.90
Samuel Eto'o	2014/2015	6.83
Samuel Eto'o	2013/2014	6.74
Samuel Eto'o	2013/2014	6.75
Samuel Eto'o	2013/2014	7.07
Samuel Eto'o	2014	6.28
Samuel Eto'o	2012/2013	7.14
Samuel Eto'o	2010/2011	7.63
Samuel Eto'o	2010/2011	7.94
Samuel Eto'o	2009/2010	7.25
Gareth Barry	2014/2015	7.21
Gareth Barry	2014/2015	6.82
Gareth Barry	2013/2014	7.28
Gareth Barry	2012/2013	6.45
Gareth Barry	2012/2013	7.00
Gareth Barry	2011/2012	7.09
Gareth Barry	2011/2012	7.24
Gareth Barry	2010/2011	7.07
Tim Howard	2014/2015	7.63
Tim Howard	2014/2015	6.79
Tim Howard	2013/2014	6.89
Tim Howard	2014	7.90
Tim Howard	2012/2013	6.76
Tim Howard	2011/2012	6.76
Tim Howard	2010/2011	6.61
Kevin Mirallas	2014/2015	8.27
Kevin Mirallas	2014/2015	6.78
Kevin Mirallas	2013/2014	7.10
Kevin Mirallas	2014	6.63
Kevin Mirallas	2012/2013	7.05
Kevin Mirallas	2011/2012	7.02
Romelu Lukaku	2014/2015	6.98
Romelu Lukaku	2014/2015	6.75
Romelu Lukaku	2013/2014	7.30
Romelu Lukaku	2013/2014	6.11
Romelu Lukaku	2014	6.55
Romelu Lukaku	2012/2013	6.96
Leon Osman	2014/2015	7.06
Leon Osman	2014/2015	6.60
Leon Osman	2013/2014	6.85
Leon Osman	2012/2013	7.24
Leon Osman	2011/2012	6.89
Leon Osman	2010/2011	7.14
Muhamed Besic	2014/2015	6.70
Muhamed Besic	2014/2015	6.59
Muhamed Besic	2014	7.35
Aiden McGeady	2014/2015	7.08
Aiden McGeady	2014/2015	6.50
Aiden McGeady	2013/2014	6.79
Aiden McGeady	2013/2014	6.51
Aiden McGeady	2012/2013	6.38
Aiden McGeady	2012	6.42
Bryan Oviedo	2014/2015	6.94
Bryan Oviedo	2014/2015	6.42
Bryan Oviedo	2013/2014	7.35
Darron Gibson	2014/2015	6.31
Darron Gibson	2014/2015	6.32
Darron Gibson	2013/2014	6.20
Darron Gibson	2012/2013	6.84
Darron Gibson	2011/2012	6.97
Darron Gibson	2011/2012	8.06
Darron Gibson	2010/2011	7.49
Darron Gibson	2010/2011	6.39
Darron Gibson	2009/2010	6.90
Steven Pienaar	2014/2015	6.51
Steven Pienaar	2014/2015	6.19
Steven Pienaar	2013/2014	6.78
Steven Pienaar	2012/2013	7.16
Steven Pienaar	2011/2012	6.14
Steven Pienaar	2011/2012	7.48
Steven Pienaar	2010/2011	6.58
Steven Pienaar	2010/2011	7.08
Steven Pienaar	2010/2011	6.86
Christian Atsu	2014/2015	6.06
Christian Atsu	2014/2015	6.14
Christian Atsu	2013/2014	7.24
Christian Atsu	2014	6.77
Tyias Browning	2014/2015	6.80
Tyias Browning	2014/2015	6.11
Danny Pugh	2013/2014	6.91
Danny Pugh	2011/2012	6.16
Danny Pugh	2010/2011	6.14
Frank Nouble	2014/2015	6.19
Frank Nouble	2013/2014	6.29
Frank Nouble	2010/2011	6.09
Gary Madine	2014/2015	6.20
John Fleck	2010/2011	5.96
Marcus Tudgay	2013/2014	6.55
Marcus Tudgay	2013/2014	6.66
Morgan Schneiderlin	2014/2015	7.34
Morgan Schneiderlin	2013/2014	7.21
Morgan Schneiderlin	2014	7.22
Nathaniel Clyne	2014/2015	7.27
Nathaniel Clyne	2013/2014	6.94
Nathaniel Clyne	2013	6.39
Victor Wanyama	2014/2015	7.26
Victor Wanyama	2013/2014	6.89
Ryan Bertrand	2014/2015	7.17
Ryan Bertrand	2013/2014	6.77
Ryan Bertrand	2013/2014	6.44
Ryan Bertrand	2012/2013	6.85
Ryan Bertrand	2012/2013	6.44
Ryan Bertrand	2012/2013	6.49
Ryan Bertrand	2011/2012	6.97
Ryan Bertrand	2011/2012	6.80
Dusan Tadic	2014/2015	7.11
Dusan Tadic	2013/2014	7.80
Jose Fonte	2014/2015	7.11
Jose Fonte	2013/2014	7.21
Toby Alderweireld	2014/2015	6.95
Toby Alderweireld	2013/2014	6.93
Toby Alderweireld	2013/2014	7.17
Toby Alderweireld	2013/2014	6.94
Toby Alderweireld	2014	7.08
Toby Alderweireld	2012/2013	7.90
Toby Alderweireld	2012/2013	6.72
Toby Alderweireld	2011/2012	7.18
Graziano Pellè	2014/2015	6.90
Graziano Pellè	2013/2014	7.97
Graziano Pellè	2012/2013	5.93
Graziano Pellè	2011/2012	6.70
James Ward-Prowse	2014/2015	6.89
James Ward-Prowse	2013/2014	6.63
Steven Davis	2014/2015	6.73
Steven Davis	2013/2014	6.93
Steven Davis	2012/2013	6.66
Steven Davis	2010/2011	6.91
Maya Yoshida	2014/2015	6.73
Maya Yoshida	2013/2014	6.99
Maya Yoshida	2014	6.68
Maya Yoshida	2013	6.05
Fraser Forster	2014/2015	6.72
Fraser Forster	2013/2014	6.42
Sadio Mané	2014/2015	6.68
Shane Long	2014/2015	6.53
Shane Long	2013/2014	6.86
Shane Long	2013/2014	6.69
Shane Long	2012/2013	6.75
Shane Long	2012	6.04
Jack Cork	2014/2015	6.47
Jack Cork	2013/2014	6.78
Jack Cork	2012/2013	6.88
Gastón Ramírez	2014/2015	6.24
Gastón Ramírez	2014/2015	6.14
Gastón Ramírez	2013/2014	6.52
Gastón Ramírez	2014	6.78
Gastón Ramírez	2013	6.62
Gastón Ramírez	2012/2013	6.90
Gastón Ramírez	2011/2012	7.28
Florin Gardos	2014/2015	6.14
Florin Gardos	2013/2014	7.40
Emmanuel Mayuka	2014/2015	6.04
Emmanuel Mayuka	2013/2014	6.29
Harrison Reed	2014/2015	6.00
Chris Martin	2014/2015	7.35
Chris Martin	2013/2014	7.14
Chris Martin	2012/2013	6.02
Zak Whitbread	2014/2015	7.25
Zak Whitbread	2013/2014	7.06
Zak Whitbread	2013/2014	7.06
Jack Butland	2014/2015	7.24
Jack Butland	2013/2014	6.61
Jack Butland	2013/2014	6.72
Jack Butland	2013/2014	6.71
Richard Keogh	2014/2015	7.22
Jamie Ward	2014/2015	7.15
Lee Grant	2014/2015	7.14
Ryan Shotton	2014/2015	7.10
Ryan Shotton	2013/2014	6.77
Ryan Shotton	2013/2014	7.11
Ryan Shotton	2012/2013	6.82
Ryan Shotton	2011/2012	6.57
Jake Buxton	2014/2015	7.10
Craig Bryson	2014/2015	7.09
Omar Mascarell	2014/2015	7.08
Will Hughes	2014/2015	6.99
Johnny Russell	2014/2015	6.98
John Eustace	2014/2015	6.80
Jeff Hendrick	2014/2015	6.79
Jordon Ibe	2014/2015	6.79
Jordon Ibe	2013/2014	6.57
Jordon Ibe	2013/2014	6.19
Simon Dawkins	2014/2015	6.52
Simon Dawkins	2013/2014	6.78
Leon Best	2014/2015	6.33
Leon Best	2013/2014	6.67
Leon Best	2013/2014	6.69
Leon Best	2011/2012	6.87
Paul Coutts	2014/2015	6.00
Aaron McLean	2013/2014	6.14
Andy Halliday	2013/2014	6.75
Jordan Spence	2013/2014	6.50
Jordan Spence	2012/2013	6.01
Jordan Spence	2010/2011	6.65
Tom Lees	2014/2015	7.41
Tom Lees	2013/2014	7.13
Jacques Maghoma	2014/2015	7.17
Sam Hutchinson	2014/2015	7.00
Sam Hutchinson	2013/2014	6.75
Sam Hutchinson	2013/2014	6.00
Sam Hutchinson	2011/2012	6.38
Glenn Loovens	2014/2015	6.98
Glenn Loovens	2013/2014	7.20
Chris Maguire	2014/2015	6.92
Keiren Westwood	2014/2015	6.91
Keiren Westwood	2013/2014	6.35
Keiren Westwood	2012	-
Jeremy Helan	2014/2015	6.87
Joe Mattock	2014/2015	6.83
Liam Palmer	2014/2015	6.83
Atdhe Nuhiu	2014/2015	6.82
Josè Semedo	2014/2015	6.81
Kamil Zayatte	2014/2015	6.79
Kamil Zayatte	2013/2014	7.70
Lewis McGugan	2014/2015	6.74
Lewis McGugan	2014/2015	6.39
Giles Coke	2014/2015	6.70
Kieran Lee	2014/2015	6.68
Royston Drenthe	2014/2015	6.66
Royston Drenthe	2013/2014	6.75
Royston Drenthe	2011/2012	6.71
Royston Drenthe	2010/2011	7.09
Royston Drenthe	2009/2010	6.70
Lewis Buxton	2014/2015	6.41
Claude Dielna	2014/2015	6.21
Rhys McCabe	2014/2015	6.00
Caolan Lavery	2014/2015	5.92
Craig Cathcart	2014/2015	7.35
Craig Cathcart	2013/2014	7.01
Daniel Tözsér	2014/2015	7.31
Daniel Tözsér	2013/2014	6.87
Daniel Tözsér	2012/2013	6.62
Troy Deeney	2014/2015	7.24
Gabriele Angella	2014/2015	7.15
Gabriele Angella	2013/2014	7.33
Gabriele Angella	2012/2013	7.39
Matej Vydra	2014/2015	7.06
Matej Vydra	2013/2014	6.31
Heurelho Gomes	2014/2015	7.02
Heurelho Gomes	2012/2013	7.12
Heurelho Gomes	2010/2011	6.48
Heurelho Gomes	2010/2011	7.05
Almen Abdi	2014/2015	6.99
Almen Abdi	2013/2014	7.24
Almen Abdi	2011/2012	6.51
Almen Abdi	2010/2011	6.46
Almen Abdi	2009/2010	5.99
Gianni Munari	2014/2015	6.96
Gianni Munari	2013/2014	6.03
Gianni Munari	2012/2013	6.37
Gianni Munari	2011/2012	6.30
Fernando Forestieri	2014/2015	6.90
Fernando Forestieri	2013/2014	6.44
Diego Fabbrini	2014/2015	6.88
Diego Fabbrini	2013/2014	6.58
Diego Fabbrini	2012/2013	6.51
Diego Fabbrini	2012/2013	6.59
Diego Fabbrini	2012/2013	6.45
Sebastien Bassong	2014/2015	6.85
Sebastien Bassong	2013/2014	6.74
Sebastien Bassong	2012/2013	6.84
Sebastien Bassong	2011/2012	6.56
Sebastien Bassong	2011/2012	6.36
Sebastien Bassong	2010/2011	6.53
Sebastien Bassong	2010/2011	6.86
Daniel Pudil	2014/2015	6.82
Daniel Pudil	2013/2014	6.73
Daniel Pudil	2011/2012	6.62
Juan Carlos Paredes	2014/2015	6.78
Joel Ekstrand	2014/2015	6.75
Joel Ekstrand	2013/2014	6.83
Joel Ekstrand	2011/2012	6.53
Jonathan Bond	2014/2015	6.69
Ikechi Anya	2014/2015	6.67
Lloyd Doyley	2014/2015	6.64
Gabriel Tamas	2014/2015	6.59
Gabriel Tamas	2013/2014	6.76
Gabriel Tamas	2012/2013	6.28
Gabriel Tamas	2011/2012	6.65
Tommy Hoban	2014/2015	6.58
Odion Ighalo	2014/2015	6.48
Odion Ighalo	2013/2014	6.23
Odion Ighalo	2012/2013	6.61
Odion Ighalo	2011/2012	6.40
Lloyd Dyer	2014/2015	6.44
Sean Murray	2014/2015	6.17
Adlène Guédioura	2014/2015	6.15
Adlène Guédioura	2014/2015	6.21
Adlène Guédioura	2013/2014	7.37
Adlène Guédioura	2013/2014	6.35
Adlène Guédioura	2011/2012	6.22
Adlène Guédioura	2010/2011	6.40
Christophe Berra	2014/2015	7.65
Christophe Berra	2013/2014	7.48
Christophe Berra	2011/2012	6.64
Christophe Berra	2010/2011	6.81
Tommy Smith	2014/2015	7.38
Daryl Murphy	2014/2015	7.35
Daryl Murphy	2013/2014	6.92
Tyrone Mings	2014/2015	7.33
Stephen Hunt	2014/2015	7.26
Stephen Hunt	2013/2014	6.56
Stephen Hunt	2011/2012	6.47
Stephen Hunt	2010/2011	6.66
Luke Chambers	2014/2015	7.08
David McGoldrick	2014/2015	7.07
Jonathan Parr	2014/2015	6.91
Cole Skuse	2014/2015	6.85
Paul Anderson	2014/2015	6.82
Luke Hyam	2014/2015	6.77
Conor Sammon	2014/2015	6.31
Conor Sammon	2013/2014	6.19
Conor Sammon	2011/2012	6.05
Darren Ambrose	2014/2015	6.08
Anthony Wordsworth	2014/2015	6.74
Anthony Wordsworth	2014/2015	6.07
Balint Bajner	2014/2015	6.06
Stephen Henderson	2014/2015	6.95
Chris Solly	2014/2015	7.07
Rhoys Wiggins	2014/2015	6.82
Yoni Buyens	2014/2015	6.81
Tal Ben Haim	2014/2015	7.30
Tal Ben Haim	2013/2014	7.27
Tal Ben Haim	2012/2013	6.61
Tal Ben Haim	2010/2011	6.77
André Bikey	2014/2015	7.31
Johann Berg Gudmundsson	2014/2015	6.63
Johann Berg Gudmundsson	2013/2014	7.03
Johnnie Jackson	2014/2015	6.90
Igor Vetokele	2014/2015	7.06
Igor Vetokele	2013/2014	6.57
Sergio Agüero	2014/2015	7.07
Sergio Agüero	2014/2015	7.53
Sergio Agüero	2013/2014	7.67
Sergio Agüero	2013/2014	7.68
Sergio Agüero	2014	6.10
Sergio Agüero	2012/2013	6.88
Sergio Agüero	2012/2013	7.04
Sergio Agüero	2011/2012	6.55
Sergio Agüero	2011/2012	7.45
Sergio Agüero	2010/2011	7.38
Sergio Agüero	2009/2010	7.25
Gaël Clichy	2014/2015	6.66
Gaël Clichy	2014/2015	7.49
Gaël Clichy	2013/2014	6.44
Gaël Clichy	2013/2014	7.25
Gaël Clichy	2012/2013	6.96
Gaël Clichy	2012/2013	7.27
Gaël Clichy	2012	6.83
Gaël Clichy	2011/2012	7.11
Gaël Clichy	2011/2012	7.37
Gaël Clichy	2010/2011	7.41
Gaël Clichy	2010/2011	7.35
Gaël Clichy	2009/2010	7.51
Dedryck Boyata	2014/2015	7.30
Dedryck Boyata	2013/2014	6.66
Dedryck Boyata	2012/2013	6.54
Dedryck Boyata	2011/2012	6.62
Dedryck Boyata	2010/2011	6.51
Yaya Touré	2014/2015	6.46
Yaya Touré	2014/2015	7.28
Yaya Touré	2013/2014	6.93
Yaya Touré	2013/2014	7.54
Yaya Touré	2014	7.21
Yaya Touré	2012/2013	7.07
Yaya Touré	2012/2013	7.18
Yaya Touré	2011/2012	7.48
Yaya Touré	2011/2012	7.42
Yaya Touré	2010/2011	7.17
Yaya Touré	2009/2010	7.27
Willy Caballero	2014/2015	7.24
Willy Caballero	2013/2014	6.94
Willy Caballero	2012/2013	6.87
Willy Caballero	2012/2013	7.10
Willy Caballero	2011/2012	6.68
David Silva	2014/2015	6.93
David Silva	2014/2015	7.16
David Silva	2013/2014	7.02
David Silva	2013/2014	7.56
David Silva	2014	6.69
David Silva	2013	6.21
David Silva	2012/2013	7.09
David Silva	2012/2013	7.30
David Silva	2012	7.37
David Silva	2011/2012	7.36
David Silva	2011/2012	7.50
David Silva	2010/2011	7.16
Eliaquim Mangala	2014/2015	6.97
Eliaquim Mangala	2014/2015	7.16
Eliaquim Mangala	2013/2014	6.75
Eliaquim Mangala	2013/2014	7.31
Eliaquim Mangala	2012/2013	6.81
Eliaquim Mangala	2011/2012	6.98
Bacary Sagna	2014/2015	6.65
Bacary Sagna	2014/2015	7.14
Bacary Sagna	2013/2014	7.08
Bacary Sagna	2013/2014	7.22
Bacary Sagna	2014	8.10
Bacary Sagna	2012/2013	7.01
Bacary Sagna	2012/2013	7.04
Bacary Sagna	2011/2012	6.90
Bacary Sagna	2011/2012	7.14
Bacary Sagna	2010/2011	6.40
Bacary Sagna	2010/2011	7.14
Bacary Sagna	2009/2010	6.62
Pablo Zabaleta	2014/2015	6.79
Pablo Zabaleta	2014/2015	7.09
Pablo Zabaleta	2013/2014	6.87
Pablo Zabaleta	2013/2014	7.25
Pablo Zabaleta	2014	7.06
Pablo Zabaleta	2012/2013	6.81
Pablo Zabaleta	2012/2013	7.18
Pablo Zabaleta	2011/2012	7.00
Pablo Zabaleta	2011/2012	7.30
Pablo Zabaleta	2010/2011	7.27
Vincent Kompany	2014/2015	7.00
Vincent Kompany	2014/2015	7.07
Vincent Kompany	2013/2014	7.32
Vincent Kompany	2013/2014	7.19
Vincent Kompany	2014	7.10
Vincent Kompany	2012/2013	6.78
Vincent Kompany	2012/2013	7.09
Vincent Kompany	2011/2012	6.97
Vincent Kompany	2011/2012	7.30
Vincent Kompany	2010/2011	7.42
Aleksandar Kolarov	2014/2015	6.49
Aleksandar Kolarov	2014/2015	7.06
Aleksandar Kolarov	2013/2014	7.00
Aleksandar Kolarov	2013/2014	7.12
Aleksandar Kolarov	2012/2013	6.59
Aleksandar Kolarov	2012/2013	6.79
Aleksandar Kolarov	2011/2012	7.03
Aleksandar Kolarov	2011/2012	7.17
Aleksandar Kolarov	2010/2011	6.90
James Milner	2014/2015	6.63
James Milner	2014/2015	7.02
James Milner	2013/2014	7.03
James Milner	2013/2014	6.58
James Milner	2014	7.06
James Milner	2012/2013	6.46
James Milner	2012/2013	7.00
James Milner	2012	6.42
James Milner	2011/2012	6.79
James Milner	2011/2012	6.92
James Milner	2010/2011	9.14
James Milner	2010/2011	6.78
Martín Demichelis	2014/2015	6.82
Martín Demichelis	2014/2015	6.96
Martín Demichelis	2013/2014	6.49
Martín Demichelis	2013/2014	7.40
Martín Demichelis	2014	7.57
Martín Demichelis	2012/2013	7.17
Martín Demichelis	2012/2013	7.45
Martín Demichelis	2011/2012	7.19
Martín Demichelis	2010/2011	7.23
Martín Demichelis	2010/2011	6.83
Martín Demichelis	2010/2011	7.16
Martín Demichelis	2009/2010	7.14
Stevan Jovetic	2014/2015	6.32
Stevan Jovetic	2014/2015	6.94
Stevan Jovetic	2013/2014	6.73
Stevan Jovetic	2012/2013	7.53
Stevan Jovetic	2011/2012	7.51
Stevan Jovetic	2009/2010	7.07
Joe Hart	2014/2015	6.79
Joe Hart	2014/2015	6.92
Joe Hart	2013/2014	6.63
Joe Hart	2013/2014	6.71
Joe Hart	2014	6.01
Joe Hart	2012/2013	7.41
Joe Hart	2012/2013	6.64
Joe Hart	2012	7.63
Joe Hart	2011/2012	7.06
Joe Hart	2011/2012	6.84
Joe Hart	2010/2011	6.93
Samir Nasri	2014/2015	6.83
Samir Nasri	2014/2015	6.88
Samir Nasri	2013/2014	6.93
Samir Nasri	2013/2014	7.33
Samir Nasri	2012/2013	6.59
Samir Nasri	2012/2013	6.91
Samir Nasri	2012	7.02
Samir Nasri	2011/2012	6.54
Samir Nasri	2011/2012	6.54
Samir Nasri	2011/2012	7.21
Samir Nasri	2010/2011	7.50
Samir Nasri	2010/2011	7.31
Samir Nasri	2009/2010	8.08
Fernandinho	2014/2015	6.92
Fernandinho	2014/2015	6.87
Fernandinho	2013/2014	6.98
Fernandinho	2013/2014	7.40
Fernandinho	2014	6.47
Fernandinho	2012/2013	7.86
Fernandinho	2011/2012	7.37
Jesús Navas	2014/2015	6.54
Jesús Navas	2014/2015	6.82
Jesús Navas	2013/2014	6.68
Jesús Navas	2013/2014	7.14
Jesús Navas	2013	7.50
Jesús Navas	2012/2013	7.04
Jesús Navas	2012	6.54
Jesús Navas	2011/2012	7.46
Jesús Navas	2010/2011	7.24
Jesús Navas	2009/2010	7.21
Fernando	2014/2015	6.88
Fernando	2014/2015	6.69
Fernando	2013/2014	7.21
Fernando	2013/2014	7.15
Fernando	2012/2013	6.99
Fernando	2011/2012	6.88
Frank Lampard	2014/2015	6.61
Frank Lampard	2014/2015	6.54
Frank Lampard	2013/2014	7.10
Frank Lampard	2013/2014	7.09
Frank Lampard	2014	7.64
Frank Lampard	2012/2013	7.18
Frank Lampard	2012/2013	6.94
Frank Lampard	2012/2013	7.07
Frank Lampard	2011/2012	7.31
Frank Lampard	2011/2012	7.14
Frank Lampard	2010/2011	6.98
Frank Lampard	2010/2011	7.37
Frank Lampard	2009/2010	7.28
Edin Dzeko	2014/2015	6.68
Edin Dzeko	2014/2015	6.53
Edin Dzeko	2013/2014	6.97
Edin Dzeko	2013/2014	7.15
Edin Dzeko	2014	6.97
Edin Dzeko	2012/2013	6.61
Edin Dzeko	2012/2013	6.96
Edin Dzeko	2011/2012	6.79
Edin Dzeko	2011/2012	7.02
Edin Dzeko	2010/2011	7.12
Edin Dzeko	2010/2011	6.61
Edin Dzeko	2009/2010	7.73
Simon Eastwood	2014/2015	8.44
Rudy Gestede	2014/2015	7.63
Rudy Gestede	2013/2014	7.54
Shane Duffy	2014/2015	7.40
Shane Duffy	2013/2014	7.72
Shane Duffy	2012/2013	6.00
Ben Marshall	2014/2015	7.38
Tom Cairney	2014/2015	7.33
Tom Cairney	2013/2014	7.51
Grant Hanley	2014/2015	7.21
Grant Hanley	2013/2014	7.13
Grant Hanley	2011/2012	6.67
Grant Hanley	2010/2011	6.33
Markus Olsson	2014/2015	6.99
Markus Olsson	2013/2014	6.35
Alex Baptiste	2014/2015	6.87
Alex Baptiste	2013/2014	7.03
Paul Robinson	2014/2015	6.82
Paul Robinson	2013/2014	6.90
Paul Robinson	2011/2012	6.27
Paul Robinson	2010/2011	6.77
Jordan Rhodes	2014/2015	6.80
Jason Steele	2014/2015	6.77
Jason Steele	2013/2014	6.72
Matthew Kilgallon	2014/2015	6.70
Matthew Kilgallon	2013/2014	7.11
Matthew Kilgallon	2012/2013	6.52
Matthew Kilgallon	2011/2012	6.79
Corry Evans	2014/2015	6.68
Craig Conway	2014/2015	6.68
Craig Conway	2013/2014	7.12
Lee Williamson	2014/2015	6.66
Joshua King	2014/2015	6.61
Joshua King	2013/2014	7.00
Joshua King	2013	6.14
Joshua King	2012/2013	5.85
Ryan Tunnicliffe	2014/2015	6.54
Ryan Tunnicliffe	2013/2014	6.27
Ryan Tunnicliffe	2013/2014	6.65
Adam Henley	2014/2015	6.53
Adam Henley	2013/2014	6.65
Jason Lowe	2014/2015	6.43
Jason Lowe	2013/2014	6.59
Jason Lowe	2013	6.17
Jason Lowe	2011/2012	6.58
Chris Brown	2014/2015	6.23
Chris Taylor	2014/2015	6.21
Luke Varney	2014/2015	6.18
Luke Varney	2013/2014	6.97
Luke Varney	2013/2014	6.46
David Dunn	2014/2015	6.16
David Dunn	2013/2014	6.78
David Dunn	2011/2012	6.64
David Dunn	2010/2011	6.51
Tim Hoogland	2014/2015	7.35
Tim Hoogland	2013/2014	7.17
Tim Hoogland	2013/2014	6.94
Tim Hoogland	2012/2013	6.63
Tim Hoogland	2011/2012	6.10
Dan Burn	2014/2015	7.31
Dan Burn	2013/2014	7.71
Hugo Rodallega	2014/2015	7.18
Hugo Rodallega	2013/2014	6.49
Hugo Rodallega	2012/2013	6.47
Hugo Rodallega	2011/2012	6.43
Hugo Rodallega	2010/2011	6.62
Konstantinos Stafylidis	2014/2015	7.15
Bryan Ruiz	2014/2015	7.13
Bryan Ruiz	2013/2014	6.78
Bryan Ruiz	2013/2014	7.19
Bryan Ruiz	2014	6.78
Bryan Ruiz	2012/2013	7.28
Bryan Ruiz	2011/2012	6.83
Fernando Amorebieta	2014/2015	7.10
Fernando Amorebieta	2013/2014	6.87
Fernando Amorebieta	2012/2013	6.94
Fernando Amorebieta	2012/2013	6.60
Fernando Amorebieta	2011/2012	7.24
Fernando Amorebieta	2010/2011	6.57
Ross McCormack	2014/2015	7.08
Scott Parker	2014/2015	6.94
Scott Parker	2013/2014	6.84
Scott Parker	2012/2013	7.00
Scott Parker	2012/2013	6.81
Scott Parker	2012	6.98
Scott Parker	2011/2012	7.23
Scott Parker	2010/2011	7.28
Elsad Zverotic	2014/2015	6.56
Elsad Zverotic	2013/2014	6.24
Alexander Kacaniklic	2014/2015	6.53
Alexander Kacaniklic	2014/2015	6.51
Alexander Kacaniklic	2013/2014	6.46
Alexander Kacaniklic	2012/2013	6.69
Chris David	2014/2015	6.49
Kay Voser	2014/2015	6.47
Kay Voser	2013/2014	6.99
Cauley Woodrow	2014/2015	6.43
Moussa Dembele	2014/2015	6.42
Adil Chihi	2014/2015	6.37
Adil Chihi	2011/2012	6.88
Adil Chihi	2010/2011	6.56
Oscar Threlkeld	2014/2015	7.34
Jay Spearing	2014/2015	7.12
Jay Spearing	2013/2014	7.08
Jay Spearing	2011/2012	6.55
Jay Spearing	2010/2011	6.92
Chris Herd	2014/2015	7.07
Chris Herd	2013/2014	6.68
Chris Herd	2012/2013	6.82
Chris Herd	2011/2012	6.78
Andy Lonergan	2014/2015	7.01
Lee Chung-Yong	2014/2015	6.96
Lee Chung-Yong	2013/2014	6.83
Lee Chung-Yong	2014	6.87
Lee Chung-Yong	2011/2012	6.10
Lee Chung-Yong	2010/2011	6.94
Tim Ream	2014/2015	6.86
Tim Ream	2013/2014	7.01
Dean Moxey	2014/2015	6.75
Kevin McNaughton	2014/2015	6.69
Kevin McNaughton	2013/2014	7.20
Neil Danns	2014/2015	6.62
Adam Bogdan	2014/2015	6.62
Adam Bogdan	2013/2014	7.05
Adam Bogdan	2011/2012	6.60
Mark Davies	2014/2015	6.60
Mark Davies	2013/2014	6.68
Mark Davies	2011/2012	6.94
Mark Davies	2010/2011	6.59
David Wheater	2014/2015	6.59
David Wheater	2013/2014	7.03
David Wheater	2011/2012	6.93
Darren Pratley	2014/2015	6.57
Darren Pratley	2013/2014	6.37
Craig Davies	2014/2015	6.54
Liam Feeney	2014/2015	6.52
Liam Feeney	2013/2014	6.25
Liam Feeney	2013/2014	6.83
Hayden White	2014/2015	6.34
Liam Trotter	2014/2015	6.32
Liam Trotter	2013/2014	6.58
Owen Garvan	2014/2015	6.26
Owen Garvan	2013/2014	6.84
Jermaine Beckford	2014/2015	6.25
Jermaine Beckford	2013/2014	6.47
Jermaine Beckford	2011/2012	6.18
Robert Hall	2014/2015	6.00
Robert Hall	2013/2014	6.50
Eidur Gudjohnsen	2014/2015	5.91
Eidur Gudjohnsen	2010/2011	5.98
Eidur Gudjohnsen	2010/2011	6.42
Eidur Gudjohnsen	2009/2010	6.34
Colin Doyle	2014/2015	8.16
David Cotterill	2014/2015	7.43
Michael Morrison	2014/2015	6.31
Michael Morrison	2014/2015	6.93
David Davis	2014/2015	6.86
Darren Randolph	2014/2015	6.84
David Edgar	2014/2015	6.82
David Edgar	2013/2014	6.34
Paul Caddis	2014/2015	6.74
Demarai Gray	2014/2015	6.74
Paul Robinson	2014/2015	6.69
Paul Robinson	2013/2014	7.08
Paul Robinson	2011/2012	6.79
Paul Robinson	2010/2011	6.78
Jonathan Spector	2014/2015	6.65
Jonathan Spector	2013/2014	6.80
Jonathan Spector	2010/2011	6.40
Will Packwood	2014/2015	6.52
Brek Shea	2014/2015	6.46
Brek Shea	2013/2014	6.40
Brek Shea	2013/2014	6.10
Andrew Shinnie	2014/2015	6.44
Koby Arthur	2014/2015	6.42
Callum Reilly	2014/2015	6.37
Mark Duffy	2014/2015	6.29
Wes Thomas	2014/2015	6.23
Lee Novak	2014/2015	6.16
Nikola Zigic	2014/2015	6.14
Nikola Zigic	2013/2014	7.08
Nikola Zigic	2010/2011	6.68
Reece Brown	2014/2015	6.00
Guy Moussi	2014/2015	5.99
Guy Moussi	2013/2014	6.44
Boaz Myhill	2014/2015	7.73
Boaz Myhill	2013/2014	6.64
Boaz Myhill	2012/2013	6.83
Boaz Myhill	2010/2011	6.55
Gareth McAuley	2014/2015	7.66
Gareth McAuley	2013/2014	7.10
Gareth McAuley	2012/2013	6.87
Craig Dawson	2014/2015	7.43
Craig Dawson	2013/2014	6.95
Craig Dawson	2013	7.30
Craig Dawson	2012/2013	6.59
Craig Gardner	2014/2015	7.26
Craig Gardner	2013/2014	6.40
Craig Gardner	2012/2013	6.94
Craig Gardner	2011/2012	6.79
Craig Gardner	2010/2011	7.00
Craig Gardner	2009/2010	6.85
Joleon Lescott	2014/2015	7.22
Joleon Lescott	2013/2014	6.42
Joleon Lescott	2013/2014	6.89
Joleon Lescott	2012/2013	6.24
Joleon Lescott	2012/2013	6.73
Joleon Lescott	2012	7.01
Joleon Lescott	2011/2012	6.64
Joleon Lescott	2011/2012	7.05
Joleon Lescott	2010/2011	6.99
Joleon Lescott	2009/2010	5.65
Sébastien Pocognoli	2014/2015	7.01
Sébastien Pocognoli	2013/2014	6.65
Sébastien Pocognoli	2012/2013	6.57
Sébastien Pocognoli	2012/2013	6.37
James Morrison	2014/2015	6.97
James Morrison	2013/2014	6.81
James Morrison	2012/2013	6.82
James Morrison	2011/2012	7.28
Ben Foster	2014/2015	6.87
Ben Foster	2013/2014	6.60
Ben Foster	2014	7.47
Ben Foster	2012/2013	6.84
Ben Foster	2011/2012	6.86
Ben Foster	2010/2011	6.98
Ben Foster	2009/2010	6.42
Chris Brunt	2014/2015	6.79
Chris Brunt	2013/2014	7.01
Chris Brunt	2012/2013	6.84
Chris Brunt	2011/2012	6.98
Graham Dorrans	2014/2015	6.76
Graham Dorrans	2013/2014	6.94
Graham Dorrans	2012/2013	6.64
Graham Dorrans	2011/2012	6.58
Youssouf Mulumbu	2014/2015	6.73
Youssouf Mulumbu	2013/2014	7.03
Youssouf Mulumbu	2012/2013	6.81
Youssouf Mulumbu	2011/2012	7.09
Jonas Olsson	2014/2015	6.65
Jonas Olsson	2013/2014	6.97
Jonas Olsson	2012/2013	6.59
Jonas Olsson	2012	6.70
Jonas Olsson	2011/2012	6.81
Saido Berahino	2014/2015	6.63
Chris Baird	2014/2015	6.53
Chris Baird	2013/2014	6.86
Chris Baird	2013/2014	6.72
Chris Baird	2012/2013	6.82
Chris Baird	2011/2012	6.67
Chris Baird	2010/2011	7.07
Stéphane Sessegnon	2014/2015	6.49
Stéphane Sessegnon	2013/2014	6.55
Stéphane Sessegnon	2013/2014	6.77
Stéphane Sessegnon	2012/2013	6.71
Stéphane Sessegnon	2011/2012	6.95
Stéphane Sessegnon	2010/2011	6.85
Stéphane Sessegnon	2010/2011	6.70
Silvestre Varela	2014/2015	6.45
Silvestre Varela	2013/2014	6.74
Silvestre Varela	2013/2014	6.60
Silvestre Varela	2014	6.74
Silvestre Varela	2012/2013	6.91
Silvestre Varela	2012	6.28
Silvestre Varela	2011/2012	6.19
Cristian Gamboa	2014/2015	6.43
Cristian Gamboa	2014	7.09
Victor Anichebe	2014/2015	6.40
Victor Anichebe	2013/2014	6.56
Victor Anichebe	2013/2014	6.00
Victor Anichebe	2012/2013	6.82
Victor Anichebe	2011/2012	6.55
Victor Anichebe	2010/2011	6.32
Jason Davidson	2014/2015	6.35
Jason Davidson	2013/2014	7.09
Georgios Samaras	2014/2015	6.18
Georgios Samaras	2013/2014	6.50
Georgios Samaras	2014	7.41
Georgios Samaras	2012/2013	6.89
Brown Ideye	2014/2015	6.03
Brown Ideye	2013/2014	6.39
Brown Ideye	2013	6.50
Brown Ideye	2012/2013	5.73
Brown Ideye	2012/2013	6.31
Brown Ideye	2010/2011	7.01
Sebastián Blanco	2014/2015	5.99
Claudio Yacob	2014/2015	5.94
Claudio Yacob	2013/2014	6.84
Nicky Shorey	2012/2013	6.95
Nicky Shorey	2011/2012	6.42
Nicky Shorey	2010/2011	6.51
Nicky Shorey	2009/2010	7.15
Richard Stearman	2014/2015	7.07
Richard Stearman	2011/2012	6.44
Richard Stearman	2010/2011	6.66
Scott Golbourne	2014/2015	7.05
Bakary Sako	2014/2015	7.02
Bakary Sako	2012/2013	6.23
Bakary Sako	2011/2012	6.73
Bakary Sako	2010/2011	6.79
Nouha Dicko	2014/2015	7.01
Matt Doherty	2014/2015	6.98
Kevin McDonald	2014/2015	6.95
James Henry	2014/2015	6.79
Carl Ikeme	2014/2015	6.74
Sam Ricketts	2014/2015	6.71
Sam Ricketts	2011/2012	6.74
Sam Ricketts	2010/2011	6.89
Dave Edwards	2014/2015	6.52
Dave Edwards	2011/2012	6.56
Dave Edwards	2010/2011	6.67
Danny Graham	2014/2015	6.46
Danny Graham	2013/2014	6.74
Danny Graham	2013/2014	6.24
Danny Graham	2012/2013	6.39
Danny Graham	2012/2013	6.46
Rajiv van La Parra	2014/2015	6.41
Rajiv van La Parra	2013/2014	6.87
Michael Jacobs	2014/2015	6.20
Yannick Sagbo	2014/2015	6.02
Yannick Sagbo	2013/2014	6.41
Yannick Sagbo	2012/2013	6.58
Yannick Sagbo	2011/2012	6.64
Yannick Sagbo	2010/2011	6.11
Mile Jedinak	2014/2015	7.74
Mile Jedinak	2013/2014	7.55
Martin Kelly	2014/2015	7.22
Martin Kelly	2013/2014	6.24
Martin Kelly	2012/2013	6.45
Martin Kelly	2011/2012	6.89
Martin Kelly	2010/2011	7.04
Martin Kelly	2009/2010	7.61
Joel Ward	2014/2015	7.15
Joel Ward	2013/2014	7.28
Brede Hangeland	2014/2015	7.14
Brede Hangeland	2013/2014	6.84
Brede Hangeland	2012/2013	7.17
Brede Hangeland	2011/2012	6.95
Brede Hangeland	2010/2011	7.39
James McArthur	2014/2015	7.70
James McArthur	2014/2015	7.13
James McArthur	2013/2014	7.00
James McArthur	2013/2014	6.98
James McArthur	2012/2013	6.84
James McArthur	2011/2012	6.69
Yannick Bolasie	2014/2015	6.95
Joe Ledley	2014/2015	6.87
Joe Ledley	2013/2014	6.18
Joe Ledley	2013/2014	7.08
Scott Dann	2014/2015	6.85
Scott Dann	2013/2014	7.16
Scott Dann	2013/2014	7.11
Scott Dann	2011/2012	6.62
Scott Dann	2010/2011	6.93
Adrian Mariappa	2014/2015	6.82
Adrian Mariappa	2013/2014	7.00
Damien Delaney	2014/2015	6.78
Julian Speroni	2014/2015	6.77
Marouane Chamakh	2014/2015	6.72
Marouane Chamakh	2013/2014	6.94
Marouane Chamakh	2012/2013	7.08
Marouane Chamakh	2012/2013	6.53
Marouane Chamakh	2011/2012	6.45
Marouane Chamakh	2011/2012	6.34
Marouane Chamakh	2010/2011	7.23
Marouane Chamakh	2010/2011	6.91
Marouane Chamakh	2009/2010	7.64
Jason Puncheon	2014/2015	6.58
Jason Puncheon	2013/2014	7.02
Jason Puncheon	2012/2013	6.81
Jason Puncheon	2011/2012	6.04
Fraizer Campbell	2014/2015	6.51
Fraizer Campbell	2013/2014	6.49
Fraizer Campbell	2012/2013	6.24
Fraizer Campbell	2011/2012	6.45
Fraizer Campbell	2010/2011	6.67
Stuart O'Keefe	2014/2015	6.39
Stuart O'Keefe	2014/2015	6.33
Barry Bannan	2014/2015	6.24
Barry Bannan	2013/2014	6.65
Barry Bannan	2012/2013	6.75
Barry Bannan	2011/2012	6.55
Dwight Gayle	2014/2015	6.22
Kevin Doyle	2014/2015	6.10
Kevin Doyle	2013/2014	6.68
Kevin Doyle	2012	6.44
Kevin Doyle	2011/2012	6.68
Kevin Doyle	2010/2011	6.80
Wayne Hennessey	2014/2015	6.06
Wayne Hennessey	2013/2014	7.01
Wayne Hennessey	2013/2014	6.72
Wayne Hennessey	2011/2012	6.94
Wayne Hennessey	2010/2011	6.67
Glenn Murray	2014/2015	6.91
Glenn Murray	2014/2015	6.03
Ezekiel Fryers	2014/2015	5.97
Ezekiel Fryers	2013/2014	6.92
Ezekiel Fryers	2013/2014	6.56
Ezekiel Fryers	2011/2012	6.04
Carlos Cuéllar	2014/2015	7.60
Carlos Cuéllar	2013/2014	6.82
Carlos Cuéllar	2012/2013	7.17
Carlos Cuéllar	2011/2012	7.06
Carlos Cuéllar	2010/2011	6.98
Nathan Redmond	2014/2015	7.53
Nathan Redmond	2013/2014	6.85
Bradley Johnson	2014/2015	7.15
Bradley Johnson	2013/2014	6.67
Bradley Johnson	2012/2013	6.90
Wes Hoolahan	2014/2015	7.13
Wes Hoolahan	2013/2014	6.53
Wes Hoolahan	2012/2013	6.70
Michael Turner	2014/2015	7.12
Michael Turner	2013/2014	6.87
Michael Turner	2012/2013	6.70
Michael Turner	2011/2012	6.90
Michael Turner	2010/2011	6.77
Michael Turner	2009/2010	7.10
Alexander Tettey	2014/2015	7.11
Alexander Tettey	2013/2014	6.71
Alexander Tettey	2012/2013	6.71
Alexander Tettey	2011/2012	6.41
Alexander Tettey	2010/2011	6.83
Cameron Jerome	2014/2015	7.07
Cameron Jerome	2013/2014	6.14
Cameron Jerome	2013/2014	6.62
Cameron Jerome	2012/2013	6.39
Cameron Jerome	2011/2012	6.30
Cameron Jerome	2010/2011	6.59
Steven Whittaker	2014/2015	7.05
Steven Whittaker	2013/2014	6.80
Steven Whittaker	2012/2013	6.78
Steven Whittaker	2010/2011	7.32
Jonny Howson	2014/2015	6.96
Jonny Howson	2013/2014	6.54
Jonny Howson	2012/2013	6.56
Russell Martin	2014/2015	6.91
Russell Martin	2013/2014	6.53
Russell Martin	2012/2013	6.72
Jos Hooiveld	2014/2015	6.88
Jos Hooiveld	2013/2014	6.35
Ryan Bennett	2014/2015	6.84
Ryan Bennett	2013/2014	6.90
Ryan Bennett	2012/2013	6.74
Lewis Grabban	2014/2015	6.69
Martin Olsson	2014/2015	6.64
Martin Olsson	2013/2014	6.69
Martin Olsson	2012	6.91
Martin Olsson	2011/2012	6.60
Martin Olsson	2010/2011	6.76
Andrew Surman	2014/2015	7.07
Andrew Surman	2014/2015	6.53
Andrew Surman	2013/2014	6.68
Andrew Surman	2012/2013	6.15
Andrew Surman	2011/2012	6.69
John Ruddy	2014/2015	6.50
John Ruddy	2013/2014	6.69
John Ruddy	2012/2013	6.84
Kyle Lafferty	2014/2015	6.49
Kyle Lafferty	2010/2011	6.01
Javier Garrido	2014/2015	6.47
Javier Garrido	2013/2014	6.49
Javier Garrido	2012/2013	6.55
Javier Garrido	2011/2012	6.64
Javier Garrido	2010/2011	6.69
Leroy Fer	2014/2015	6.41
Leroy Fer	2014/2015	7.47
Leroy Fer	2013/2014	6.89
Leroy Fer	2014	7.31
Leroy Fer	2013	6.61
Gary O'Neil	2014/2015	6.36
Gary O'Neil	2013/2014	6.56
Gary O'Neil	2012/2013	6.75
Elliott Bennett	2014/2015	6.86
Elliott Bennett	2014/2015	6.35
Elliott Bennett	2013/2014	6.75
Elliott Bennett	2012/2013	6.49
Josh Murphy	2014/2015	6.26
Vadis Odjidja-Ofoe	2014/2015	6.25
Jamar Loza	2014/2015	6.00
James Perch	2014/2015	7.14
James Perch	2013/2014	6.67
James Perch	2013/2014	6.96
James Perch	2012/2013	6.84
James Perch	2012/2013	6.57
James Perch	2011/2012	6.67
Emmerson Boyce	2014/2015	7.00
Emmerson Boyce	2013/2014	6.74
Emmerson Boyce	2013/2014	7.12
Emmerson Boyce	2012/2013	6.87
Emmerson Boyce	2011/2012	6.76
Emmerson Boyce	2010/2011	6.76
Emyr Huws	2014/2015	6.99
James Tavernier	2014/2015	6.87
James Tavernier	2012/2013	7.04
Chris McCann	2014/2015	6.87
Chris McCann	2013/2014	6.19
Chris McCann	2013/2014	6.85
Leon Barnett	2014/2015	6.77
Leon Barnett	2013/2014	7.10
Leon Barnett	2013/2014	7.18
Leon Barnett	2012/2013	6.54
Maynor Figueroa	2014/2015	6.77
Maynor Figueroa	2013/2014	6.87
Maynor Figueroa	2014	6.81
Maynor Figueroa	2012/2013	6.69
Maynor Figueroa	2011/2012	6.94
Maynor Figueroa	2010/2011	6.82
Shaun Maloney	2014/2015	6.72
Shaun Maloney	2013/2014	7.28
Shaun Maloney	2012/2013	7.01
Adam Forshaw	2014/2015	6.61
Marc-Antoine Fortuné	2014/2015	6.49
Marc-Antoine Fortuné	2013/2014	6.11
Marc-Antoine Fortuné	2013/2014	6.52
Marc-Antoine Fortuné	2012/2013	6.35
Marc-Antoine Fortuné	2011/2012	6.76
Oriol Riera	2014/2015	6.46
William Kvist	2014/2015	6.43
William Kvist	2013/2014	6.94
William Kvist	2013/2014	6.56
William Kvist	2012/2013	6.88
William Kvist	2012/2013	7.11
William Kvist	2012	6.77
William Kvist	2011/2012	7.20
Martyn Waghorn	2014/2015	6.38
Martyn Waghorn	2013/2014	6.85
Martyn Waghorn	2013/2014	7.16
Martyn Waghorn	2013/2014	5.85
Don Cowie	2014/2015	6.37
Andy Delort	2014/2015	6.13
Andy Delort	2012/2013	6.19
Sean Morrison	2014/2015	7.15
Sean Morrison	2014/2015	7.56
Sean Morrison	2013/2014	7.26
Oliver Norwood	2014/2015	7.42
Oliver Norwood	2014/2015	6.99
Jordan Obita	2014/2015	6.92
Stephen Kelly	2014/2015	6.90
Stephen Kelly	2013/2014	6.66
Stephen Kelly	2012/2013	6.21
Stephen Kelly	2012/2013	6.56
Stephen Kelly	2011/2012	6.69
Stephen Kelly	2010/2011	6.82
Simon Cox	2014/2015	6.87
Simon Cox	2013/2014	6.62
Simon Cox	2012	6.02
Simon Cox	2011/2012	6.29
Alex Pearce	2014/2015	6.84
Alex Pearce	2013/2014	7.42
Chris Gunter	2014/2015	6.76
Chris Gunter	2013/2014	6.61
Adam Federici	2014/2015	6.71
Adam Federici	2013/2014	6.78
Shaun Cummings	2014/2015	6.70
Shaun Cummings	2013/2014	6.61
Hope Akpan	2014/2015	6.68
Hope Akpan	2013/2014	6.49
Garath McCleary	2014/2015	6.60
Garath McCleary	2013/2014	7.04
Nick Blackman	2014/2015	6.55
Nick Blackman	2013/2014	6.30
Nick Blackman	2012/2013	6.24
Daniel Williams	2014/2015	6.42
Daniel Williams	2013/2014	6.86
Daniel Williams	2012/2013	6.64
Daniel Williams	2011/2012	6.62
Daniel Williams	2011/2012	6.91
Daniel Williams	2010/2011	6.23
Hal Robson-Kanu	2014/2015	6.39
Hal Robson-Kanu	2013/2014	6.52
Danny Guthrie	2014/2015	6.25
Danny Guthrie	2013/2014	7.15
Danny Guthrie	2012/2013	6.71
Danny Guthrie	2011/2012	6.77
Pavel Pogrebnyak	2014/2015	6.24
Pavel Pogrebnyak	2013/2014	7.06
Pavel Pogrebnyak	2012/2013	6.42
Pavel Pogrebnyak	2012	5.89
Pavel Pogrebnyak	2011/2012	6.38
Pavel Pogrebnyak	2011/2012	6.75
Pavel Pogrebnyak	2010/2011	6.74
Pavel Pogrebnyak	2009/2010	6.92
Chris Basham	2013/2014	6.92
Chris Basham	2010/2011	6.68
Chris O'Grady	2014/2015	6.16
Jose Baxter	2011/2012	6.03
Jose Baxter	2010/2011	6.01
Jonathan Walters	2014/2015	7.02
Jonathan Walters	2013/2014	6.55
Jonathan Walters	2012/2013	6.71
Jonathan Walters	2012	6.01
Jonathan Walters	2011/2012	6.61
Peter Crouch	2014/2015	6.88
Peter Crouch	2013/2014	7.21
Peter Crouch	2012/2013	7.11
Peter Crouch	2011/2012	6.64
Peter Crouch	2011/2012	6.91
Peter Crouch	2010/2011	7.09
Peter Crouch	2010/2011	6.84
Mame Biram Diouf	2014/2015	6.53
Mame Biram Diouf	2013/2014	7.31
Mame Biram Diouf	2012/2013	7.14
Mame Biram Diouf	2012/2013	7.33
Mame Biram Diouf	2011/2012	7.22
Mame Biram Diouf	2010/2011	6.57
Bojan	2014/2015	7.08
Bojan	2013/2014	6.72
Bojan	2013/2014	6.75
Bojan	2013/2014	6.88
Bojan	2012/2013	6.72
Bojan	2012/2013	6.53
Bojan	2011/2012	6.61
Bojan	2010/2011	6.60
Bojan	2010/2011	6.15
Bojan	2009/2010	6.92
Phil Bardsley	2014/2015	7.12
Phil Bardsley	2013/2014	6.88
Phil Bardsley	2012/2013	6.38
Phil Bardsley	2011/2012	6.88
Phil Bardsley	2010/2011	7.07
Ryan Shawcross	2014/2015	7.25
Ryan Shawcross	2013/2014	6.93
Ryan Shawcross	2012/2013	6.87
Ryan Shawcross	2011/2012	6.97
Ryan Shawcross	2010/2011	6.82
Erik Pieters	2014/2015	7.15
Marc Wilson	2014/2015	7.11
Marc Wilson	2013/2014	6.75
Marc Wilson	2012/2013	6.93
Marc Wilson	2011/2012	6.78
Marc Wilson	2010/2011	6.55
Steven N'Zonzi	2014/2015	6.91
Steven N'Zonzi	2013/2014	6.81
Steven N'Zonzi	2012/2013	6.76
Steven N'Zonzi	2011/2012	6.83
Steven N'Zonzi	2010/2011	6.74
Geoff Cameron	2014/2015	7.13
Geoff Cameron	2013/2014	7.08
Geoff Cameron	2014	7.37
Glenn Whelan	2014/2015	6.84
Glenn Whelan	2013/2014	6.77
Glenn Whelan	2012/2013	6.91
Glenn Whelan	2012	6.09
Glenn Whelan	2011/2012	6.73
Glenn Whelan	2010/2011	6.49
Michael Dawson	2014/2015	7.64
Michael Dawson	2013/2014	7.09
Michael Dawson	2013/2014	7.17
Michael Dawson	2012/2013	7.39
Michael Dawson	2012/2013	7.11
Michael Dawson	2011/2012	7.20
Michael Dawson	2010/2011	7.27
Michael Dawson	2010/2011	7.38
Curtis Davies	2014/2015	7.62
Curtis Davies	2013/2014	7.40
Curtis Davies	2010/2011	7.00
Paul McShane	2014/2015	7.26
Paul McShane	2013/2014	6.63
Allan McGregor	2014/2015	7.17
Allan McGregor	2013/2014	6.49
Allan McGregor	2010/2011	7.02
Ahmed Elmohamady	2014/2015	7.17
Ahmed Elmohamady	2013/2014	7.00
Ahmed Elmohamady	2012/2013	6.19
Ahmed Elmohamady	2011/2012	6.50
James Chester	2014/2015	7.13
Jake Livermore	2014/2015	6.87
Jake Livermore	2013/2014	6.81
Jake Livermore	2012/2013	6.13
Jake Livermore	2012/2013	6.26
Jake Livermore	2011/2012	6.46
Tom Huddlestone	2014/2015	6.83
Tom Huddlestone	2013/2014	7.14
Tom Huddlestone	2012/2013	7.16
Tom Huddlestone	2012/2013	6.72
Tom Huddlestone	2011/2012	6.34
Tom Huddlestone	2010/2011	6.82
Tom Huddlestone	2010/2011	6.91
Eldin Jakupovic	2014/2015	6.83
Alex Bruce	2014/2015	6.82
Robbie Brady	2014/2015	6.75
Nikica Jelavic	2014/2015	6.59
Nikica Jelavic	2013/2014	6.45
Nikica Jelavic	2013/2014	6.72
Nikica Jelavic	2014	6.12
Nikica Jelavic	2012/2013	6.58
Nikica Jelavic	2012	6.44
Stephen Quinn	2014/2015	6.53
David Meyler	2014/2015	6.50
David Meyler	2013/2014	6.54
David Meyler	2012/2013	6.35
David Meyler	2011/2012	6.24
David Meyler	2010/2011	6.57
Liam Rosenior	2014/2015	6.46
Hatem Ben Arfa	2014/2015	6.36
Hatem Ben Arfa	2013/2014	6.75
Hatem Ben Arfa	2012/2013	6.47
Hatem Ben Arfa	2012/2013	7.07
Hatem Ben Arfa	2012	5.88
Hatem Ben Arfa	2011/2012	6.90
Hatem Ben Arfa	2010/2011	6.92
Hatem Ben Arfa	2010/2011	7.37
Hatem Ben Arfa	2009/2010	6.32
Sone Aluko	2014/2015	6.36
Tom Ince	2014/2015	6.32
Tom Ince	2014/2015	6.31
Tom Ince	2013/2014	7.10
Tom Ince	2013/2014	6.55
Jason Shackell	2014/2015	7.45
Kieran Trippier	2014/2015	7.19
Ben Mee	2014/2015	7.18
Michael Duff	2014/2015	7.17
Michael Duff	2013/2014	7.18
Stephen Ward	2014/2015	7.07
Stephen Ward	2013/2014	7.09
Stephen Ward	2012	5.76
Stephen Ward	2011/2012	6.63
Stephen Ward	2010/2011	6.43
Dean Marney	2014/2015	6.92
Dean Marney	2013/2014	7.01
Danny Ings	2014/2015	6.74
Michael Kightly	2014/2015	6.53
Michael Kightly	2013/2014	6.89
Michael Kightly	2012/2013	6.52
Michael Kightly	2011/2012	6.59
Michael Kightly	2010/2011	6.18
Ross Wallace	2014/2015	6.35
Steven Reid	2014/2015	6.15
Steven Reid	2013/2014	6.68
Steven Reid	2012/2013	6.73
Steven Reid	2011/2012	6.71
Steven Reid	2010/2011	6.76
Marvin Sordell	2014/2015	6.05
Marvin Sordell	2013/2014	6.37
Marvin Sordell	2013	5.82
Nathaniel Chalobah	2014/2015	5.99
Nathaniel Chalobah	2013/2014	6.43
Nathaniel Chalobah	2013/2014	6.76
Nyron Nosworthy	2014/2015	7.40
Nyron Nosworthy	2013/2014	6.42
Peter Clarke	2014/2015	7.14
Joan Oriol	2014/2015	7.13
Joan Oriol	2013/2014	6.98
Joan Oriol	2011/2012	6.99
Joan Oriol	2011/2012	6.95
Tom Kennedy	2014/2015	6.97
Nile Ranger	2014/2015	6.79
Nile Ranger	2012/2013	6.64
Nile Ranger	2012/2013	6.06
Joe Lewis	2014/2015	6.79
David Perkins	2014/2015	6.76
David Perkins	2013/2014	6.72
Steve Davies	2014/2015	6.72
John Lundstram	2014/2015	6.70
Tomasz Cywka	2014/2015	6.50
Nathan Delfouneso	2014/2015	6.43
Nathan Delfouneso	2013/2014	6.30
Nathan Delfouneso	2013	6.14
Nathan Delfouneso	2012/2013	5.92
Nathan Delfouneso	2011/2012	6.15
Nathan Delfouneso	2010/2011	6.43
José Cubero	2014/2015	6.39
Andrea Orlandi	2014/2015	6.28
Andrea Orlandi	2013/2014	6.76
Formose Mendy	2014/2015	6.23
Jacob Mellis	2014/2015	6.21
Jacob Mellis	2013/2014	6.64
Lukasz Fabianski	2014/2015	7.30
Lukasz Fabianski	2013/2014	7.44
Lukasz Fabianski	2013/2014	7.90
Lukasz Fabianski	2012/2013	8.15
Lukasz Fabianski	2012/2013	6.75
Lukasz Fabianski	2011/2012	5.45
Lukasz Fabianski	2010/2011	6.81
Lukasz Fabianski	2010/2011	6.77
Lukasz Fabianski	2009/2010	7.26
Ki Sung-Yueng	2014/2015	7.23
Ki Sung-Yueng	2013/2014	6.10
Ki Sung-Yueng	2013/2014	6.80
Ki Sung-Yueng	2014	7.25
Gylfi Sigurdsson	2014/2015	7.18
Gylfi Sigurdsson	2013/2014	7.00
Gylfi Sigurdsson	2013/2014	6.60
Gylfi Sigurdsson	2012/2013	6.89
Gylfi Sigurdsson	2012/2013	6.53
Gylfi Sigurdsson	2011/2012	6.69
Gylfi Sigurdsson	2011/2012	7.63
Wilfried Bony	2014/2015	7.14
Wilfried Bony	2013/2014	7.01
Wilfried Bony	2013/2014	7.11
Federico Fernández	2014/2015	7.09
Federico Fernández	2013/2014	7.06
Federico Fernández	2013/2014	6.48
Federico Fernández	2013/2014	7.09
Federico Fernández	2014	7.27
Federico Fernández	2012/2013	6.69
Federico Fernández	2012/2013	7.10
Federico Fernández	2012/2013	7.15
Federico Fernández	2011/2012	6.86
Angel Rangel	2014/2015	7.09
Angel Rangel	2013/2014	6.75
Angel Rangel	2013/2014	7.14
Angel Rangel	2012/2013	7.18
Gerhard Tremmel	2014/2015	6.97
Gerhard Tremmel	2013/2014	6.59
Gerhard Tremmel	2013/2014	6.47
Gerhard Tremmel	2012/2013	7.04
Bafétimbi Gomis	2014/2015	6.28
Bafétimbi Gomis	2013/2014	6.56
Bafétimbi Gomis	2013/2014	6.86
Bafétimbi Gomis	2012/2013	7.00
Bafétimbi Gomis	2012/2013	6.77
Bafétimbi Gomis	2011/2012	6.84
Bafétimbi Gomis	2011/2012	6.73
Bafétimbi Gomis	2010/2011	6.69
Bafétimbi Gomis	2010/2011	6.71
Bafétimbi Gomis	2009/2010	6.62
Tom Carroll	2014/2015	6.26
Tom Carroll	2013/2014	6.88
Tom Carroll	2012/2013	6.97
Marvin Emnes	2014/2015	6.20
Marvin Emnes	2013/2014	6.47
Marvin Emnes	2013/2014	6.41
Richard Dunne	2014/2015	7.55
Richard Dunne	2013/2014	7.23
Richard Dunne	2012	6.68
Richard Dunne	2011/2012	7.05
Richard Dunne	2010/2011	7.02
Richard Dunne	2009/2010	7.46
Steven Caulker	2014/2015	7.52
Steven Caulker	2013/2014	7.06
Steven Caulker	2013	6.36
Steven Caulker	2012/2013	6.83
Steven Caulker	2012/2013	6.97
Joey Barton	2014/2015	7.28
Joey Barton	2013/2014	7.49
Joey Barton	2012/2013	7.29
Joey Barton	2012/2013	6.87
Joey Barton	2011/2012	7.09
Joey Barton	2011/2012	6.50
Rio Ferdinand	2014/2015	7.17
Rio Ferdinand	2013/2014	6.93
Rio Ferdinand	2013/2014	6.74
Rio Ferdinand	2012/2013	6.87
Rio Ferdinand	2012/2013	7.00
Rio Ferdinand	2011/2012	6.90
Rio Ferdinand	2011/2012	6.99
Rio Ferdinand	2010/2011	6.90
Rio Ferdinand	2010/2011	7.13
Rio Ferdinand	2009/2010	6.84
Alex McCarthy	2014/2015	7.13
Alex McCarthy	2013/2014	7.00
Yun Suk-Young	2014/2015	6.99
Yun Suk-Young	2013/2014	6.76
Yun Suk-Young	2013/2014	6.24
Nedum Onuoha	2014/2015	6.96
Nedum Onuoha	2013/2014	7.26
Nedum Onuoha	2012/2013	6.75
Nedum Onuoha	2011/2012	6.78
Nedum Onuoha	2011/2012	6.09
Nedum Onuoha	2010/2011	6.91
Sandro	2014/2015	6.95
Sandro	2013/2014	6.92
Sandro	2013/2014	6.56
Sandro	2012/2013	6.88
Sandro	2012/2013	7.41
Sandro	2011/2012	7.01
Sandro	2010/2011	7.08
Armand Traore	2014/2015	6.91
Armand Traore	2013/2014	6.70
Armand Traore	2012/2013	6.84
Armand Traore	2011/2012	5.90
Armand Traore	2011/2012	6.68
Armand Traore	2010/2011	6.58
Charlie Austin	2014/2015	6.90
Niko Kranjcar	2014/2015	6.85
Niko Kranjcar	2013/2014	6.81
Niko Kranjcar	2012/2013	6.90
Niko Kranjcar	2012/2013	6.41
Niko Kranjcar	2012	5.96
Niko Kranjcar	2011/2012	6.77
Niko Kranjcar	2010/2011	6.38
Niko Kranjcar	2010/2011	6.47
Niko Kranjcar	2009/2010	7.40
Alejandro Faurlin	2014/2015	6.69
Alejandro Faurlin	2013/2014	6.85
Alejandro Faurlin	2012/2013	6.67
Alejandro Faurlin	2012/2013	6.72
Karl Henry	2014/2015	6.67
Karl Henry	2013/2014	6.44
Karl Henry	2011/2012	6.54
Karl Henry	2010/2011	6.58
Eduardo Vargas	2014/2015	6.63
Eduardo Vargas	2013/2014	6.55
Eduardo Vargas	2013/2014	7.28
Eduardo Vargas	2014	6.76
Eduardo Vargas	2013	6.93
Eduardo Vargas	2012/2013	6.22
Eduardo Vargas	2012/2013	7.00
Eduardo Vargas	2011/2012	6.21
Jordon Mutch	2014/2015	6.40
Jordon Mutch	2013/2014	6.82
Junior Hoilett	2014/2015	6.38
Junior Hoilett	2013/2014	6.93
Junior Hoilett	2012/2013	6.51
Junior Hoilett	2011/2012	7.03
Junior Hoilett	2010/2011	7.04
Bobby Zamora	2014/2015	6.30
Bobby Zamora	2013/2014	6.48
Bobby Zamora	2012/2013	6.41
Bobby Zamora	2011/2012	6.76
Bobby Zamora	2011/2012	7.07
Bobby Zamora	2010/2011	6.90
Matthew Phillips	2014/2015	6.20
Matthew Phillips	2013/2014	6.62
Adel Taarabt	2014/2015	6.18
Adel Taarabt	2013/2014	7.47
Adel Taarabt	2013/2014	7.12
Adel Taarabt	2013/2014	6.67
Adel Taarabt	2012/2013	7.22
Cala	2014/2015	7.89
Cala	2013/2014	6.71
Cala	2013/2014	7.55
Cala	2013/2014	6.84
Cala	2012/2013	6.70
Cala	2011/2012	6.72
Cala	2009/2010	7.66
Bruno Ecuele Manga	2014/2015	7.62
Bruno Ecuele Manga	2014/2015	7.62
Bruno Ecuele Manga	2013/2014	7.23
Bruno Ecuele Manga	2012/2013	7.38
Bruno Ecuele Manga	2011/2012	6.90
Mark Hudson	2014/2015	7.29
Mark Hudson	2014/2015	6.93
Peter Whittingham	2014/2015	7.19
Ben Turner	2014/2015	7.19
Kenwyne Jones	2014/2015	7.17
Kenwyne Jones	2013/2014	6.49
Kenwyne Jones	2013/2014	6.59
Kenwyne Jones	2012/2013	6.64
Kenwyne Jones	2011/2012	6.24
Kenwyne Jones	2010/2011	7.23
Anthony Pilkington	2014/2015	6.89
Anthony Pilkington	2013/2014	6.36
Anthony Pilkington	2012/2013	6.66
Aron Gunnarsson	2014/2015	6.86
Kim Bo-Kyung	2014/2015	6.83
Kim Bo-Kyung	2013/2014	6.50
Craig Noone	2014/2015	6.74
David Marshall	2014/2015	6.71
Guido Burgstaller	2014/2015	6.52
Guido Burgstaller	2013/2014	7.06
Tom Adeyemi	2014/2015	6.52
Joe Ralls	2014/2015	6.50
Mats Daehli	2014/2015	6.45
Federico Macheda	2014/2015	6.45
Federico Macheda	2013/2014	6.73
Federico Macheda	2013/2014	6.53
Federico Macheda	2012/2013	6.14
Federico Macheda	2012/2013	6.06
Federico Macheda	2012/2013	5.96
Federico Macheda	2011/2012	6.34
Federico Macheda	2011/2012	5.98
Federico Macheda	2011/2012	6.24
Federico Macheda	2010/2011	5.99
Federico Macheda	2010/2011	6.35
Federico Macheda	2010/2011	6.35
Federico Macheda	2009/2010	6.69
Kagisho Dikgacoi	2014/2015	6.40
Kagisho Dikgacoi	2013/2014	6.55
Kagisho Dikgacoi	2010/2011	6.05
Declan John	2014/2015	6.38
Nicky Maynard	2014/2015	6.37
Nicky Maynard	2013/2014	6.52
Adam Le Fondre	2014/2015	6.36
Adam Le Fondre	2013/2014	6.62
Javi Guerra	2014/2015	6.22
Javi Guerra	2013/2014	6.96
